player_id,last_name,first_name,bats,pitches,team,v7,year
almom001,Almonte,Miguel,R,R,ANA,P,2018
alvaj003,Alvarez,Jose,L,L,ANA,P,2018
andej005,Anderson,Justin,L,R,ANA,P,2018
arcif001,Arcia,Francisco,L,R,ANA,C,2018
bardl001,Bard,Luke,R,R,ANA,P,2018
barrj003,Barria,Jaime,R,R,ANA,P,2018
bedrc001,Bedrosian,Cam,R,R,ANA,P,2018
blasj001,Blash,Jabari,R,R,ANA,OF,2018
bricj001,Briceno,Jose,R,R,ANA,C,2018
bridp001,Bridwell,Parker,R,R,ANA,P,2018
buttt001,Buttrey,Ty,L,R,ANA,P,2018
calhk001,Calhoun,Kole,L,L,ANA,OF,2018
colet001,Cole,Taylor,R,R,ANA,P,2018
cowak001,Cowart,Kaleb,B,R,ANA,3B,2018
cozaz001,Cozart,Zack,R,R,ANA,SS,2018
despo001,Despaigne,Odrisamer,R,R,ANA,P,2018
drako001,Drake,Oliver,R,R,ANA,P,2018
fernj004,Fernandez,Jose Miguel,L,R,ANA,1B,2018
fletd002,Fletcher,David,R,R,ANA,SS,2018
fontn001,Fontana,Nolan,L,R,ANA,SS,2018
gratj001,Graterol,Juan,R,R,ANA,C,2018
heana001,Heaney,Andrew,L,L,ANA,P,2018
hermm001,Hermosillo,Michael,R,R,ANA,OF,2018
hudsj002,Hudson,Joe,R,R,ANA,C,2018
jerew001,Jerez,Williams,L,L,ANA,P,2018
jewej001,Jewell,Jake,R,R,ANA,P,2018
johnj010,Johnson,Jim,R,R,ANA,P,2018
johns002,Johnson,Sherman,L,R,ANA,2B,2018
kinsi001,Kinsler,Ian,R,R,ANA,2B,2018
kroli001,Krol,Ian,L,L,ANA,P,2018
lambj002,Lamb,John,L,L,ANA,P,2018
maldm001,Maldonado,Martin,R,R,ANA,C,2018
martj007,Marte,Jefry,R,R,ANA,1B,2018
mcgud001,McGuire,Deck,R,R,ANA,P,2018
middk001,Middleton,Keynan,R,R,ANA,P,2018
morao001,Morales,Osmer,R,R,ANA,P,2018
morra001,Morris,Akeel,R,R,ANA,P,2018
ohtas001,Ohtani,Shohei,L,R,ANA,P,2018
paree001,Paredes,Eduardo,R,R,ANA,P,2018
parkb001,Parker,Blake,R,R,ANA,P,2018
penaf002,Pena,Felix,R,R,ANA,P,2018
pujoa001,Pujols,Albert,R,R,ANA,1B,2018
ramij002,Ramirez,J.C.,R,R,ANA,P,2018
ramin002,Ramirez,Noe,R,R,ANA,P,2018
richg002,Richards,Garrett,R,R,ANA,P,2018
river003,Rivera,Rene,R,R,ANA,C,2018
roblh001,Robles,Hansel,R,R,ANA,P,2018
schir001,Schimpf,Ryan,L,R,ANA,3B,2018
shoem001,Shoemaker,Matt,R,R,ANA,P,2018
simma001,Simmons,Andrelton,R,R,ANA,SS,2018
skagt001,Skaggs,Tyler,L,L,ANA,P,2018
tazaj001,Tazawa,Junichi,R,R,ANA,P,2018
tropn001,Tropeano,Nick,R,R,ANA,P,2018
troum001,Trout,Mike,R,R,ANA,OF,2018
uptoj001,Upton,Justin,R,R,ANA,OF,2018
valbl001,Valbuena,Luis,L,R,ANA,3B,2018
wardt002,Ward,Taylor,R,R,ANA,3B,2018
woodb004,Wood,Blake,R,R,ANA,P,2018
younc004,Young,Chris,R,R,ANA,OF,2018
youne003,Young,Eric,B,R,ANA,OF,2018
ahmen001,Ahmed,Nick,R,R,ARI,SS,2018
andrm001,Andriese,Matt,R,R,ARI,P,2018
avila001,Avila,Alex,L,R,ARI,C,2018
barrj002,Barrett,Jake,R,R,ARI,P,2018
boxbb001,Boxberger,Brad,R,R,ARI,P,2018
bracs001,Bracho,Silvino,R,R,ARI,P,2018
brada001,Bradley,Archie,R,R,ARI,P,2018
brits001,Brito,Socrates,L,L,ARI,OF,2018
buchc001,Buchholz,Clay,L,R,ARI,P,2018
chafa001,Chafin,Andrew,R,L,ARI,P,2018
corbp001,Corbin,Patrick,L,L,ARI,P,2018
delaj001,de la Rosa,Jorge,L,L,ARI,P,2018
delgr001,Delgado,Randall,R,R,ARI,P,2018
descd001,Descalso,Daniel,L,R,ARI,SS,2018
diekj001,Diekman,Jake,L,L,ARI,P,2018
dysoj001,Dyson,Jarrod,L,R,ARI,OF,2018
escoe001,Escobar,Eduardo,B,R,ARI,SS,2018
godlz001,Godley,Zack,R,R,ARI,P,2018
goldp001,Goldschmidt,Paul,R,R,ARI,1B,2018
greiz001,Greinke,Zack,R,R,ARI,P,2018
hiray001,Hirano,Yoshihisa,R,R,ARI,P,2018
jay-j001,Jay,Jon,L,L,ARI,OF,2018
kivlp001,Kivlehan,Patrick,R,R,ARI,3B,2018
kochm001,Koch,Matt,L,R,ARI,P,2018
krehj001,Krehbiel,Joey,R,R,ARI,P,2018
lambj001,Lamb,Jake,L,R,ARI,3B,2018
lopey001,Lopez,Yoan,R,R,ARI,P,2018
marrd001,Marrero,Deven,R,R,ARI,3B,2018
martk001,Marte,Ketel,B,R,ARI,SS,2018
mathj001,Mathis,Jeff,R,R,ARI,C,2018
mcfat001,McFarland,T.J.,L,L,ARI,P,2018
medlk001,Medlen,Kris,B,R,ARI,P,2018
mills001,Miller,Shelby,R,R,ARI,P,2018
murpj001,Murphy,John Ryan,R,R,ARI,C,2018
negrk001,Negron,Kristopher,R,R,ARI,OF,2018
owinc001,Owings,Chris,R,R,ARI,2B,2018
perad001,Peralta,David,L,L,ARI,OF,2018
polla001,Pollock,A.J.,R,R,ARI,OF,2018
ray-r002,Ray,Robbie,L,L,ARI,P,2018
salaf001,Salas,Fernando,R,R,ARI,P,2018
scrit001,Scribner,Troy,R,R,ARI,P,2018
sherj001,Sherfy,Jimmie,R,R,ARI,P,2018
shipb001,Shipley,Braden,R,R,ARI,P,2018
souzs001,Souza,Steven,R,R,ARI,OF,2018
stewc001,Stewart,Chris,R,R,ARI,C,2018
vargi001,Vargas,Ildemaro,B,R,ARI,2B,2018
walkc002,Walker,Christian,R,R,ARI,1B,2018
walkt004,Walker,Taijuan,R,R,ARI,P,2018
ziegb001,Ziegler,Brad,R,R,ARI,P,2018
acunr001,Acuna,Ronald,R,R,ATL,OF,2018
adaml001,Adams,Lane,R,R,ATL,OF,2018
albio001,Albies,Ozzie,B,R,ATL,2B,2018
allak001,Allard,Kolby,L,L,ATL,P,2018
bautj002,Bautista,Jose,R,R,ATL,OF,2018
biddj001,Biddle,Jesse,L,L,ATL,P,2018
bourp001,Bourjos,Peter,R,R,ATL,OF,2018
bracb001,Brach,Brad,R,R,ATL,P,2018
brotr001,Brothers,Rex,L,L,ATL,P,2018
camaj001,Camargo,Johan,B,R,ATL,SS,2018
carls002,Carle,Shane,R,R,ATL,P,2018
culbc001,Culberson,Charlie,R,R,ATL,3B,2018
dudal001,Duda,Lucas,L,R,ATL,1B,2018
duvaa001,Duvall,Adam,R,R,ATL,OF,2018
flahr001,Flaherty,Ryan,L,R,ATL,2B,2018
flowt001,Flowers,Tyler,R,R,ATL,C,2018
foltm001,Foltynewicz,Mike,R,R,ATL,P,2018
freef001,Freeman,Freddie,L,R,ATL,1B,2018
frees001,Freeman,Sam,R,L,ATL,P,2018
friem001,Fried,Max,L,L,ATL,P,2018
gausk001,Gausman,Kevin,L,R,ATL,P,2018
gohal001,Gohara,Luiz,L,L,ATL,P,2018
incie001,Inciarte,Ender,L,L,ATL,OF,2018
jackl001,Jackson,Luke,R,R,ATL,P,2018
markn001,Markakis,Nick,L,L,ATL,OF,2018
mccab001,McCarthy,Brandon,R,R,ATL,P,2018
mccra001,McCreery,Adam,L,L,ATL,P,2018
minta001,Minter,A.J.,L,L,ATL,P,2018
moylp001,Moylan,Peter,R,R,ATL,P,2018
newcs001,Newcomb,Sean,L,L,ATL,P,2018
parsw001,Parsons,Wes,R,R,ATL,P,2018
perec003,Perez,Carlos,R,R,ATL,C,2018
peted002,Peterson,Dustin,R,R,ATL,OF,2018
phile001,Phillips,Evan,R,R,ATL,P,2018
ramij004,Ramirez,Jose,R,R,ATL,P,2018
ravij001,Ravin,Josh,R,R,ATL,P,2018
reedm001,Reed,Michael,R,R,ATL,OF,2018
river003,Rivera,Rene,R,R,ATL,C,2018
ruizr002,Ruiz,Rio,L,R,ATL,3B,2018
sanca004,Sanchez,Anibal,R,R,ATL,P,2018
santd001,Santana,Danny,B,R,ATL,OF,2018
simsl001,Sims,Lucas,R,R,ATL,P,2018
soboc001,Sobotka,Chad,R,R,ATL,P,2018
socom001,Socolovich,Miguel,R,R,ATL,P,2018
sorom001,Soroka,Mike,R,R,ATL,P,2018
stewc001,Stewart,Chris,R,R,ATL,C,2018
suzuk001,Suzuki,Kurt,R,R,ATL,C,2018
swand001,Swanson,Dansby,R,R,ATL,SS,2018
tehej001,Teheran,Julio,R,R,ATL,P,2018
toust001,Toussaint,Touki,R,R,ATL,P,2018
tuckp001,Tucker,Preston,L,L,ATL,OF,2018
ventj001,Venters,Jonny,L,L,ATL,P,2018
vizca001,Vizcaino,Arodys,R,R,ATL,P,2018
whitc001,Whitley,Chase,R,R,ATL,P,2018
winkd001,Winkler,Daniel,R,R,ATL,P,2018
wislm001,Wisler,Matt,R,R,ATL,P,2018
wilsb003,Wilson,Bryse,R,R,ATL,P,2018
wrigk001,Wright,Kyle,R,R,ATL,P,2018
alvap001,Alvarez,Pedro,L,R,BAL,1B,2018
andrj001,Andreoli,John,R,R,BAL,OF,2018
araup001,Araujo,Pedro,R,R,BAL,P,2018
beckt001,Beckham,Tim,R,R,BAL,2B,2018
bleir001,Bleier,Richard,L,L,BAL,P,2018
bracb001,Brach,Brad,R,R,BAL,P,2018
britz001,Britton,Zach,L,L,BAL,P,2018
bundd001,Bundy,Dylan,B,R,BAL,P,2018
carrc004,Carroll,Cody,R,R,BAL,P,2018
casha001,Cashner,Andrew,R,R,BAL,P,2018
castm002,Castro,Miguel,R,R,BAL,P,2018
cobba001,Cobb,Alex,R,R,BAL,P,2018
cortn001,Cortes,Nestor,R,L,BAL,P,2018
davic003,Davis,Chris,L,R,BAL,1B,2018
fry-p001,Fry,Paul,L,L,BAL,P,2018
gausk001,Gausman,Kevin,L,R,BAL,P,2018
gentc001,Gentry,Craig,R,R,BAL,OF,2018
gilms001,Gilmartin,Sean,L,L,BAL,P,2018
givem001,Givens,Mychal,R,R,BAL,P,2018
hartd002,Hart,Donnie,L,L,BAL,P,2018
hessd001,Hess,David,R,R,BAL,P,2018
jonea003,Jones,Adam,R,R,BAL,OF,2018
josec002,Joseph,Caleb,R,R,BAL,C,2018
josec001,Joseph,Corban,L,R,BAL,1B,2018
machm001,Machado,Manny,R,R,BAL,3B,2018
manct001,Mancini,Trey,R,R,BAL,1B,2018
marij001,Marinez,Jhan,R,R,BAL,P,2018
meanj001,Means,John,L,L,BAL,P,2018
meisr001,Meisinger,Ryan,R,R,BAL,P,2018
mullc002,Mullins,Cedric,B,L,BAL,OF,2018
nuner001,Nunez,Renato,R,R,BAL,3B,2018
odayd001,O'Day,Darren,R,R,BAL,P,2018
ortil002,Ortiz,Luis,R,R,BAL,P,2018
petej002,Peterson,Jace,L,R,BAL,2B,2018
phile001,Phillips,Evan,R,R,BAL,P,2018
ramiy001,Ramirez,Yefry,R,R,BAL,P,2018
rasmc001,Rasmus,Colby,L,L,BAL,OF,2018
rickj001,Rickard,Joey,R,L,BAL,OF,2018
rogej003,Rogers,Josh,L,L,BAL,P,2018
santa003,Santander,Anthony,B,R,BAL,OF,2018
sardl001,Sardinas,Luis,B,R,BAL,2B,2018
schoj001,Schoop,Jonathan,R,R,BAL,2B,2018
scott003,Scott,Tanner,R,L,BAL,P,2018
siscc001,Sisco,Chance,L,R,BAL,C,2018
stewd002,Stewart,DJ,L,R,BAL,OF,2018
susaa001,Susac,Andrew,R,R,BAL,C,2018
tillc001,Tillman,Chris,R,R,BAL,P,2018
trumm001,Trumbo,Mark,R,R,BAL,OF,2018
valed001,Valencia,Danny,R,R,BAL,3B,2018
valeb001,Valera,Breyvic,B,R,BAL,2B,2018
viele001,Vielma,Engelb,B,R,BAL,SS,2018
villj001,Villar,Jonathan,B,R,BAL,SS,2018
wilks001,Wilkerson,Steve,B,R,BAL,3B,2018
wrigm001,Wright,Mike,R,R,BAL,P,2018
wynna001,Wynns,Austin,R,R,BAL,C,2018
yacaj001,Yacabonis,Jimmy,R,R,BAL,P,2018
barnm001,Barnes,Matt,R,R,BOS,P,2018
beekj001,Beeks,Jalen,L,L,BOS,P,2018
benia002,Benintendi,Andrew,L,L,BOS,LF,2018
bettm001,Betts,Mookie,R,R,BOS,OF,2018
bogax001,Bogaerts,Xander,R,R,BOS,SS,2018
bradj001,Bradley,Jackie,L,R,BOS,OF,2018
brasr001,Brasier,Ryan,R,R,BOS,P,2018
butld001,Butler,Dan,R,R,BOS,C,2018
cuevw001,Cuevas,William,R,R,BOS,P,2018
dever001,Devers,Rafael,L,R,BOS,3B,2018
eovan001,Eovaldi,Nathan,R,R,BOS,P,2018
halej001,Haley,Justin,R,R,BOS,P,2018
hembh001,Hembree,Heath,R,R,BOS,P,2018
holtb002,Holt,Brock,L,R,BOS,OF,2018
johnb004,Johnson,Brian,L,L,BOS,P,2018
kellj001,Kelly,Joe,R,R,BOS,P,2018
kimbc001,Kimbrel,Craig,R,R,BOS,P,2018
kinsi001,Kinsler,Ian,R,R,BOS,2B,2018
leons001,Leon,Sandy,B,R,BOS,C,2018
lin-t001,Lin,Tzu-Wei,L,R,BOS,SS,2018
martj006,Martinez,J.D.,R,R,BOS,OF,2018
morem001,Moreland,Mitch,L,L,BOS,1B,2018
nunee002,Nunez,Eduardo,R,R,BOS,SS,2018
pears001,Pearce,Steve,R,R,BOS,OF,2018
pedrd001,Pedroia,Dustin,R,R,BOS,2B,2018
philb001,Phillips,Brandon,R,R,BOS,2B,2018
pomed001,Pomeranz,Drew,R,L,BOS,P,2018
porcr001,Porcello,Rick,R,R,BOS,P,2018
poynb001,Poyner,Bobby,L,L,BOS,P,2018
pricd001,Price,David,L,L,BOS,P,2018
ramih003,Ramirez,Hanley,R,R,BOS,1B,2018
rendt001,Renda,Tony,R,R,BOS,2B,2018
rodre004,Rodriguez,Eduardo,L,L,BOS,P,2018
salec001,Sale,Chris,L,L,BOS,P,2018
scotr001,Scott,Robby,B,L,BOS,P,2018
smitc004,Smith,Carson,R,R,BOS,P,2018
swihb001,Swihart,Blake,B,R,BOS,C,2018
thort001,Thornburg,Tyler,R,R,BOS,P,2018
travs001,Travis,Sam,R,R,BOS,1B,2018
vazqc001,Vazquez,Christian,R,R,BOS,C,2018
velah001,Velazquez,Hector,R,R,BOS,P,2018
waldm002,Walden,Marcus,R,R,BOS,P,2018
workb001,Workman,Brandon,R,R,BOS,P,2018
wrigs001,Wright,Steven,R,R,BOS,P,2018
abrej003,Abreu,Jose,R,R,CHA,1B,2018
andet001,Anderson,Tim,R,R,CHA,SS,2018
avill001,Avilan,Luis,L,L,CHA,P,2018
beckc002,Beck,Chris,R,R,CHA,P,2018
bumma001,Bummer,Aaron,L,L,CHA,P,2018
burrr002,Burr,Ryan,R,R,CHA,P,2018
castw002,Castillo,Welington,R,R,CHA,C,2018
cedex001,Cedeno,Xavier,L,L,CHA,P,2018
cordr001,Cordell,Ryan,R,R,CHA,OF,2018
coved001,Covey,Dylan,R,R,CHA,P,2018
danit001,Danish,Tyler,R,R,CHA,P,2018
davim005,Davidson,Matt,R,R,CHA,3B,2018
delmn001,Delmonico,Nicky,L,R,CHA,3B,2018
engea001,Engel,Adam,R,R,CHA,OF,2018
farqd001,Farquhar,Danny,R,R,CHA,P,2018
frarc001,Frare,Caleb,L,L,CHA,P,2018
fry-j001,Fry,Jace,L,L,CHA,P,2018
fulmc001,Fulmer,Carson,R,R,CHA,P,2018
garca003,Garcia,Avisail,R,R,CHA,OF,2018
garcl004,Garcia,Leury,B,R,CHA,OF,2018
garnd001,Garneau,Dustin,R,R,CHA,C,2018
gioll001,Giolito,Lucas,R,R,CHA,P,2018
gomej002,Gomez,Jeanmar,R,R,CHA,P,2018
gonza006,Gonzalez,Alfredo,R,R,CHA,C,2018
gonzm003,Gonzalez,Miguel,R,R,CHA,P,2018
hamii001,Hamilton,Ian,R,R,CHA,P,2018
infag001,Infante,Gregory,R,R,CHA,P,2018
jonen001,Jones,Nate,R,R,CHA,P,2018
kopem001,Kopech,Michael,R,R,CHA,P,2018
lamar001,LaMarre,Ryan,R,L,CHA,OF,2018
loper003,Lopez,Reynaldo,R,R,CHA,P,2018
minaj001,Minaya,Juan,R,R,CHA,P,2018
moncy001,Moncada,Yoan,B,R,CHA,3B,2018
narvo001,Narvaez,Omar,L,R,CHA,C,2018
palkd001,Palka,Daniel,L,L,CHA,OF,2018
rodoc001,Rodon,Carlos,L,L,CHA,P,2018
rondb001,Rondon,Bruce,R,R,CHA,P,2018
rondj002,Rondon,Jose,R,R,CHA,SS,2018
ruizj001,Ruiz,Jose,R,R,CHA,P,2018
salat001,Saladino,Tyler,R,R,CHA,3B,2018
sancc001,Sanchez,Yolmer,B,R,CHA,2B,2018
santh001,Santiago,Hector,R,L,CHA,P,2018
scahr001,Scahill,Rob,L,R,CHA,P,2018
shiej002,Shields,James,R,R,CHA,P,2018
skolm001,Skole,Matt,L,R,CHA,1B,2018
smitk002,Smith,Kevan,R,R,CHA,C,2018
sorij001,Soria,Joakim,R,R,CHA,P,2018
thomt002,Thompson,Trayce,R,R,CHA,OF,2018
tilsc001,Tilson,Charlie,L,L,CHA,OF,2018
vieit001,Vieira,Thyago,R,R,CHA,P,2018
volsc001,Volstad,Chris,R,R,CHA,P,2018
almoa002,Almora,Albert,R,R,CHN,OF,2018
baezj001,Baez,Javier,R,R,CHN,2B,2018
bassa001,Bass,Anthony,R,R,CHN,P,2018
boted002,Bote,David,R,R,CHN,2B,2018
bryak001,Bryant,Kris,R,R,CHN,3B,2018
butle001,Butler,Eddie,R,R,CHN,P,2018
carav001,Caratini,Victor,B,R,CHN,C,2018
chatt001,Chatwood,Tyler,R,R,CHN,P,2018
chavj001,Chavez,Jesse,R,R,CHN,P,2018
cishs001,Cishek,Steve,R,R,CHN,P,2018
contw001,Contreras,Willson,R,R,CHN,C,2018
darvy001,Darvish,Yu,R,R,CHN,P,2018
davit004,Davis,Taylor,R,R,CHN,C,2018
delaj001,de la Rosa,Jorge,L,L,CHN,P,2018
duenb001,Duensing,Brian,L,L,CHN,P,2018
edwac001,Edwards,Carl,R,R,CHN,P,2018
farrl001,Farrell,Luke,L,R,CHN,P,2018
freem002,Freeman,Mike,L,R,CHN,1B,2018
garcj004,Garcia,Jaime,L,L,CHN,P,2018
gimec001,Gimenez,Chris,R,R,CHN,C,2018
goret001,Gore,Terrance,R,R,CHN,OF,2018
hamec001,Hamels,Cole,L,L,CHN,P,2018
hancj002,Hancock,Justin,R,R,CHN,P,2018
happi001,Happ,Ian,B,R,CHN,2B,2018
hendk001,Hendricks,Kyle,R,R,CHN,P,2018
heywj001,Heyward,Jason,L,L,CHN,OF,2018
kintb001,Kintzler,Brandon,R,R,CHN,P,2018
lastt001,La Stella,Tommy,L,R,CHN,2B,2018
lestj001,Lester,Jon,L,L,CHN,P,2018
mapld001,Maples,Dillon,R,R,CHN,P,2018
mazzc001,Mazzoni,Cory,R,R,CHN,P,2018
milla003,Mills,Alec,R,R,CHN,P,2018
montm002,Montgomery,Mike,L,L,CHN,P,2018
morrb001,Morrow,Brandon,R,R,CHN,P,2018
murpd006,Murphy,Daniel,L,R,CHN,2B,2018
navae001,Navarro,Efren,L,L,CHN,1B,2018
norwj001,Norwood,James,R,R,CHN,P,2018
quinj001,Quintana,Jose,R,L,CHN,P,2018
rizza001,Rizzo,Anthony,L,L,CHN,1B,2018
rosar002,Rosario,Randy,L,L,CHN,P,2018
russa002,Russell,Addison,R,R,CHN,2B,2018
schwk001,Schwarber,Kyle,L,R,CHN,OF,2018
strop001,Strop,Pedro,R,R,CHN,P,2018
tsenj001,Tseng,Jen-Ho,L,R,CHN,P,2018
unded001,Underwood,Duane,R,R,CHN,P,2018
websa001,Webster,Allen,R,R,CHN,P,2018
wilsj004,Wilson,Justin,L,L,CHN,P,2018
zagum002,Zagunis,Mark,R,R,CHN,OF,2018
zastr001,Zastryzny,Rob,R,L,CHN,P,2018
zobrb001,Zobrist,Ben,B,R,CHN,2B,2018
aquia001,Aquino,Aristides,R,R,CIN,OF,2018
bailh001,Bailey,Homer,R,R,CIN,P,2018
barnt001,Barnhart,Tucker,B,R,CIN,C,2018
blana002,Blandino,Alex,R,R,CIN,2B,2018
brica001,Brice,Austin,R,R,CIN,P,2018
casac001,Casali,Curt,R,R,CIN,C,2018
castl003,Castillo,Luis,R,R,CIN,P,2018
crock001,Crockett,Kyle,L,L,CIN,P,2018
cruzt002,Cruz,Tony,R,R,CIN,C,2018
desca001,DeSclafani,Anthony,R,R,CIN,P,2018
dixob001,Dixon,Brandon,R,R,CIN,OF,2018
duvaa001,Duvall,Adam,R,R,CIN,OF,2018
ervip001,Ervin,Phillip,R,R,CIN,OF,2018
fedet001,Federowicz,Tim,R,R,CIN,C,2018
finnb001,Finnegan,Brandon,L,L,CIN,P,2018
flord002,Floro,Dylan,L,R,CIN,P,2018
gally001,Gallardo,Yovani,R,R,CIN,P,2018
garra001,Garrett,Amir,R,L,CIN,P,2018
genns001,Gennett,Scooter,L,R,CIN,2B,2018
gossp001,Gosselin,Phil,R,R,CIN,2B,2018
guerg001,Guerrero,Gabriel,R,R,CIN,OF,2018
hamib001,Hamilton,Billy,B,R,CIN,OF,2018
harvm001,Harvey,Matt,R,R,CIN,P,2018
hernd002,Hernandez,David,R,R,CIN,P,2018
herrd002,Herrera,Dilson,R,R,CIN,IF,2018
herrr002,Herrera,Rosell,B,R,CIN,SS,2018
hughj001,Hughes,Jared,R,R,CIN,P,2018
igler001,Iglesias,Raisel,R,R,CIN,P,2018
lorem002,Lorenzen,Michael,R,R,CIN,P,2018
mahlt001,Mahle,Tyler,R,R,CIN,P,2018
mellk001,Mella,Keury,R,R,CIN,P,2018
mesod001,Mesoraco,Devin,R,R,CIN,C,2018
pennc001,Pennington,Cliff,B,R,CIN,2B,2018
peraj003,Peraza,Jose,R,R,CIN,2B,2018
peraw002,Peralta,Wandy,L,L,CIN,P,2018
quack001,Quackenbush,Kevin,R,R,CIN,P,2018
raint003,Rainey,Tanner,R,R,CIN,P,2018
reedc002,Reed,Cody,L,L,CIN,P,2018
reyej004,Reyes,Jesus,R,R,CIN,P,2018
romas001,Romano,Sal,L,R,CIN,P,2018
sches001,Schebler,Scott,L,R,CIN,OF,2018
shack001,Shackelford,Kevin,R,R,CIN,P,2018
simsl001,Sims,Lucas,R,R,CIN,P,2018
stepj002,Stephens,Jackson,R,R,CIN,P,2018
stepr002,Stephenson,Robert,R,R,CIN,P,2018
suare001,Suarez,Eugenio,R,R,CIN,SS,2018
trahb001,Trahan,Blake,R,R,CIN,SS,2018
tuckp001,Tucker,Preston,L,L,CIN,OF,2018
vottj001,Votto,Joey,L,R,CIN,1B,2018
weisz001,Weiss,Zack,R,R,CIN,P,2018
willm007,Williams,Mason,L,R,CIN,OF,2018
winkj002,Winker,Jesse,L,L,CIN,P,2018
wislm001,Wisler,Matt,R,R,CIN,P,2018
allec002,Allen,Cody,R,R,CLE,P,2018
alleg002,Allen,Greg,B,R,CLE,OF,2018
alony001,Alonso,Yonder,L,R,CLE,1B,2018
barnb002,Barnes,Brandon,R,R,CLE,OF,2018
bauet001,Bauer,Trevor,R,R,CLE,P,2018
belim001,Belisle,Matt,R,R,CLE,P,2018
belij001,Beliveau,Jeff,L,L,CLE,P,2018
biebs001,Bieber,Shane,R,R,CLE,P,2018
branm003,Brantley,Michael,L,L,CLE,OF,2018
cabrm002,Cabrera,Melky,B,L,CLE,OF,2018
carrc003,Carrasco,Carlos,R,R,CLE,P,2018
chisl001,Chisenhall,Lonnie,L,R,CLE,OF,2018
cimba001,Cimber,Adam,R,R,CLE,P,2018
clevm001,Clevinger,Mike,R,R,CLE,P,2018
davir003,Davis,Rajai,R,R,CLE,OF,2018
diazy001,Diaz,Yandy,R,R,CLE,OF,2018
donaj001,Donaldson,Josh,R,R,CLE,3B,2018
drako001,Drake,Oliver,R,R,CLE,P,2018
edwaj001,Edwards,Jon,R,R,CLE,P,2018
encae001,Encarnacion,Edwin,R,R,CLE,DH,2018
gomey001,Gomes,Yan,R,R,CLE,C,2018
gonze004,Gonzalez,Erik,R,R,CLE,SS,2018
goodn001,Goody,Nick,R,R,CLE,P,2018
guyeb001,Guyer,Brandon,R,R,CLE,OF,2018
haase001,Haase,Eric,R,R,CLE,C,2018
handb001,Hand,Brad,L,L,CLE,P,2018
kipnj001,Kipnis,Jason,L,R,CLE,2B,2018
klubc001,Kluber,Corey,R,R,CLE,P,2018
kontg001,Kontos,George,R,R,CLE,P,2018
lindf001,Lindor,Francisco,B,R,CLE,SS,2018
marse001,Marshall,Evan,R,R,CLE,P,2018
martl004,Martin,Leonys,L,R,CLE,OF,2018
mcalz001,McAllister,Zach,R,R,CLE,P,2018
mejif001,Mejia,Francisco,B,R,CLE,C,2018
milla002,Miller,Andrew,L,L,CLE,P,2018
naqut001,Naquin,Tyler,L,R,CLE,OF,2018
ogana001,Ogando,Alexi,R,R,CLE,P,2018
olsot002,Olson,Tyler,R,L,CLE,P,2018
oterd001,Otero,Dan,R,R,CLE,P,2018
pereo002,Perez,Oliver,L,L,CLE,P,2018
perer003,Perez,Roberto,R,R,CLE,C,2018
pluta001,Plutko,Adam,R,R,CLE,P,2018
ramij003,Ramirez,Jose,B,R,CLE,SS,2018
ramin001,Ramirez,Neil,R,R,CLE,P,2018
rosaa001,Rosales,Adam,R,R,CLE,1B,2018
rzepm001,Rzepczynski,Marc,L,L,CLE,P,2018
taylb002,Taylor,Ben,R,R,CLE,P,2018
tomlj001,Tomlin,Josh,R,R,CLE,P,2018
zimmb001,Zimmer,Bradley,L,R,CLE,OF,2018
almoy001,Almonte,Yency,B,R,COL,P,2018
andet002,Anderson,Tyler,L,L,COL,P,2018
arenn001,Arenado,Nolan,R,R,COL,3B,2018
bettc001,Bettis,Chad,R,R,COL,P,2018
blacc001,Blackmon,Charlie,L,L,COL,OF,2018
buted001,Butera,Drew,R,R,COL,C,2018
castd001,Castro,Daniel,R,R,COL,2B,2018
cuevn001,Cuevas,Noel,R,R,COL,OF,2018
dahld001,Dahl,David,L,R,COL,OF,2018
daviw001,Davis,Wade,R,R,COL,P,2018
desmi001,Desmond,Ian,R,R,COL,SS,2018
dunnm002,Dunn,Michael,L,L,COL,P,2018
freek001,Freeland,Kyle,L,L,COL,P,2018
gonzc001,Gonzalez,Carlos,L,L,COL,OF,2018
grayj003,Gray,Jon,R,R,COL,P,2018
hampg001,Hampson,Garrett,R,R,COL,SS,2018
hoffj003,Hoffman,Jeff,R,R,COL,P,2018
hollm001,Holliday,Matt,R,R,COL,OF,2018
howas002,Howard,Sam,R,L,COL,P,2018
iannc001,Iannetta,Chris,R,R,COL,C,2018
johnd005,Johnson,D.J.,L,R,COL,P,2018
lemad001,LeMahieu,DJ,R,R,COL,2B,2018
marqg001,Marquez,German,R,R,COL,P,2018
mcgej001,McGee,Jake,L,L,COL,P,2018
mcmar001,McMahon,Ryan,L,R,COL,3B,2018
murpt002,Murphy,Tom,R,R,COL,C,2018
musgh001,Musgrave,Harrison,L,L,COL,P,2018
obers001,Oberg,Scott,R,R,COL,P,2018
oh--s001,Oh,Seung Hwan,R,R,COL,P,2018
ottaa001,Ottavino,Adam,L,R,COL,P,2018
parrg001,Parra,Gerardo,L,L,COL,OF,2018
pounb001,Pounders,Brooks,R,R,COL,P,2018
rusic001,Rusin,Chris,L,L,COL,P,2018
senza001,Senzatela,Antonio,R,R,COL,P,2018
shawb001,Shaw,Bryan,B,R,COL,P,2018
stort001,Story,Trevor,R,R,COL,SS,2018
tapir001,Tapia,Raimel,L,L,COL,OF,2018
taucm001,Tauchman,Mike,L,L,COL,OF,2018
valap001,Valaika,Pat,R,R,COL,SS,2018
vastj001,Vasto,Jerry,L,L,COL,P,2018
woltt001,Wolters,Tony,L,R,COL,C,2018
adduj002,Adduci,Jim,L,L,DET,OF,2018
alcav001,Alcantara,Victor,R,R,DET,P,2018
baezs001,Baez,Sandy,R,R,DET,P,2018
barbj001,Barbato,John,R,R,DET,P,2018
bellc003,Bell,Chad,R,L,DET,P,2018
boydm001,Boyd,Matt,L,L,DET,P,2018
cabrm001,Cabrera,Miguel,R,R,DET,1B,2018
candj002,Candelario,Jeimer,B,R,DET,3B,2018
carpr001,Carpenter,Ryan,L,L,DET,P,2018
casth001,Castro,Harold,L,R,DET,3B,2018
castn001,Castellanos,Nick,R,R,DET,3B,2018
colel001,Coleman,Louis,R,R,DET,P,2018
farmb001,Farmer,Buck,L,R,DET,P,2018
fierm001,Fiers,Michael,R,R,DET,P,2018
fulmm001,Fulmer,Michael,R,R,DET,P,2018
gerbm001,Gerber,Mike,L,R,DET,OF,2018
goodn002,Goodrum,Niko,B,R,DET,OF,2018
greig001,Greiner,Grayson,R,R,DET,C,2018
grees005,Greene,Shane,R,R,DET,P,2018
hallm002,Hall,Matt,L,L,DET,P,2018
hardb001,Hardy,Blaine,L,L,DET,P,2018
hickj001,Hicks,John,R,R,DET,C,2018
iglej001,Iglesias,Jose,R,R,DET,SS,2018
jimej003,Jimenez,Joe,R,R,DET,P,2018
jonej006,Jones,JaCoby,R,R,DET,3B,2018
kozmp001,Kozma,Pete,R,R,DET,SS,2018
lewia001,Lewicki,Artie,R,R,DET,P,2018
lirif001,Liriano,Francisco,L,L,DET,P,2018
lugod001,Lugo,Dawel,R,R,DET,2B,2018
machd001,Machado,Dixon,R,R,DET,SS,2018
mahtm001,Mahtook,Mikie,R,R,DET,OF,2018
martl004,Martin,Leonys,L,R,DET,OF,2018
martv001,Martinez,Victor,B,R,DET,DH,2018
mcalz001,McAllister,Zach,R,R,DET,P,2018
mccaj001,McCann,James,R,R,DET,C,2018
norrd002,Norris,Daniel,L,L,DET,P,2018
reinz001,Reininger,Zac,B,R,DET,P,2018
reyev001,Reyes,Victor,B,R,DET,OF,2018
rodrr009,Rodriguez,Ronny,R,R,DET,3B,2018
saltj001,Saltalamacchia,Jarrod,B,R,DET,C,2018
saupw001,Saupold,Warwick,R,R,DET,P,2018
smokj001,Smoker,Josh,L,L,DET,P,2018
stewc002,Stewart,Christin,L,R,DET,OF,2018
stumd001,Stumpf,Daniel,L,L,DET,P,2018
turnj002,Turner,Jacob,R,R,DET,P,2018
turns003,Turnbull,Spencer,R,R,DET,P,2018
verhd001,VerHagen,Drew,R,R,DET,P,2018
wilsa001,Wilson,Alex,R,R,DET,P,2018
zimmj003,Zimmermann,Jordan,R,R,DET,P,2018
altuj001,Altuve,Jose,R,R,HOU,2B,2018
brega001,Bregman,Alex,R,R,HOU,SS,2018
coleg001,Cole,Gerrit,R,R,HOU,P,2018
corrc001,Correa,Carlos,R,R,HOU,SS,2018
davij006,Davis,J.D.,R,R,HOU,3B,2018
deetd001,Deetz,Dean,R,R,HOU,P,2018
devec001,Devenski,Chris,R,R,HOU,P,2018
fedet001,Federowicz,Tim,R,R,HOU,C,2018
fishd001,Fisher,Derek,L,R,HOU,OF,2018
gatte001,Gattis,Evan,R,R,HOU,C,2018
gilek001,Giles,Ken,R,R,HOU,P,2018
gonzm002,Gonzalez,Marwin,B,R,HOU,1B,2018
gudur001,Guduan,Reymin,L,L,HOU,P,2018
gurry001,Gurriel,Yulieski,R,R,HOU,3B,2018
harrw002,Harris,Will,R,R,HOU,P,2018
hoytj001,Hoyt,James,R,R,HOU,P,2018
jamej002,James,Josh,R,R,HOU,P,2018
kempt001,Kemp,Tony,L,R,HOU,OF,2018
keucd001,Keuchel,Dallas,L,L,HOU,P,2018
maldm001,Maldonado,Martin,R,R,HOU,C,2018
marij002,Marisnick,Jake,R,R,HOU,OF,2018
mccab002,McCann,Brian,L,R,HOU,C,2018
mccul002,McCullers,Lance,L,R,HOU,P,2018
mchuc001,McHugh,Collin,R,R,HOU,P,2018
mortc002,Morton,Charlie,R,R,HOU,P,2018
osunr001,Osuna,Roberto,R,R,HOU,P,2018
peacb001,Peacock,Brad,R,R,HOU,P,2018
perec004,Perez,Cionel,L,L,HOU,P,2018
presr001,Pressly,Ryan,R,R,HOU,P,2018
reddj001,Reddick,Josh,L,R,HOU,OF,2018
rondh001,Rondon,Hector,R,R,HOU,P,2018
reeda002,Reed,A.J.,L,L,HOU,1B,2018
sippt001,Sipp,Tony,L,L,HOU,P,2018
smitj002,Smith,Joe,R,R,HOU,P,2018
sprig001,Springer,George,R,R,HOU,OF,2018
stasm001,Stassi,Max,R,R,HOU,C,2018
stram002,Straw,Myles,R,R,HOU,OF,2018
tuckk001,Tucker,Kyle,L,R,HOU,OF,2018
valdf001,Valdez,Framber,L,L,HOU,P,2018
verlj001,Verlander,Justin,R,R,HOU,P,2018
whitt002,White,Tyler,R,R,HOU,1B,2018
adamj002,Adam,Jason,R,R,KCA,P,2018
almoa001,Almonte,Abraham,B,R,KCA,OF,2018
barls001,Barlow,Scott,R,R,KCA,P,2018
bonij002,Bonifacio,Jorge,R,R,KCA,OF,2018
boyeb001,Boyer,Blaine,R,R,KCA,P,2018
buted001,Butera,Drew,R,R,KCA,C,2018
cuthc001,Cuthbert,Cheslor,R,R,KCA,3B,2018
dozih001,Dozier,Hunter,R,R,KCA,OF,2018
dudal001,Duda,Lucas,L,R,KCA,1B,2018
duffd001,Duffy,Danny,L,L,KCA,P,2018
escoa003,Escobar,Alcides,R,R,KCA,SS,2018
fillh001,Fillmyer,Heath,R,R,KCA,P,2018
flynb001,Flynn,Brian,L,L,KCA,P,2018
gallc001,Gallagher,Cam,R,R,KCA,C,2018
goinr001,Goins,Ryan,L,R,KCA,2B,2018
goodb001,Goodwin,Brian,L,R,KCA,OF,2018
gorda001,Gordon,Alex,L,R,KCA,OF,2018
grimj002,Grimm,Justin,R,R,KCA,P,2018
hammj002,Hammel,Jason,R,R,KCA,P,2018
herrk001,Herrera,Kelvin,R,R,KCA,P,2018
herrr002,Herrera,Rosell,B,R,KCA,SS,2018
hillt002,Hill,Tim,L,L,KCA,P,2018
jay-j001,Jay,Jon,L,L,KCA,OF,2018
junij001,Junis,Jake,R,R,KCA,P,2018
kellb003,Keller,Brad,R,R,KCA,P,2018
kenni001,Kennedy,Ian,R,R,KCA,P,2018
liveb001,Lively,Ben,R,R,KCA,P,2018
lopej004,Lopez,Jorge,R,R,KCA,P,2018
maurb001,Maurer,Brandon,R,R,KCA,P,2018
mccak002,McCarthy,Kevin,R,R,KCA,P,2018
merrw001,Merrifield,Whit,R,R,KCA,OF,2018
mondr003,Mondesi,Adalberto,B,R,KCA,SS,2018
mousm001,Moustakas,Mike,L,R,KCA,3B,2018
newbj001,Newberry,Jake,R,R,KCA,P,2018
oakst001,Oaks,Trevor,R,R,KCA,P,2018
ohear001,O'Hearn,Ryan,L,L,KCA,1B,2018
orlap001,Orlando,Paulo,R,R,KCA,OF,2018
peraw001,Peralta,Wily,R,R,KCA,P,2018
peres002,Perez,Salvador,R,R,KCA,C,2018
philb002,Phillips,Brett,L,R,KCA,OF,2018
romee002,Romero,Enny,R,L,KCA,P,2018
skoge001,Skoglund,Eric,L,L,KCA,P,2018
smitb005,Smith,Burch,R,R,KCA,P,2018
solej001,Soler,Jorge,R,R,KCA,OF,2018
sparg001,Sparkman,Glenn,B,R,KCA,P,2018
stoue001,Stout,Eric,L,L,KCA,P,2018
torrr002,Torres,Ramon,B,R,KCA,SS,2018
vastj001,Vasto,Jerry,L,L,KCA,P,2018
vilom001,Viloria,Meibrys,L,R,KCA,C,2018
alexs001,Alexander,Scott,L,L,LAN,P,2018
axfoj001,Axford,John,R,R,LAN,P,2018
baezp001,Baez,Pedro,R,R,LAN,P,2018
barna001,Barnes,Austin,R,R,LAN,C,2018
bellc002,Bellinger,Cody,L,L,LAN,1B,2018
buehw001,Buehler,Walker,R,R,LAN,P,2018
charj001,Chargois,J.T.,B,R,LAN,P,2018
cingt001,Cingrani,Tony,L,L,LAN,P,2018
corcd001,Corcino,Daniel,R,R,LAN,P,2018
dozib001,Dozier,Brian,R,R,LAN,2B,2018
farmk001,Farmer,Kyle,R,R,LAN,C,2018
fergc001,Ferguson,Caleb,R,L,LAN,P,2018
fielj002,Fields,Josh,R,R,LAN,P,2018
flord002,Floro,Dylan,L,R,LAN,P,2018
fontw001,Font,Wilmer,R,R,LAN,P,2018
forsl001,Forsythe,Logan,R,R,LAN,2B,2018
freed001,Freese,David,R,R,LAN,3B,2018
galer002,Gale,Rocky,R,R,LAN,C,2018
garcy001,Garcia,Yimi,R,R,LAN,P,2018
goede001,Goeddel,Erik,R,R,LAN,P,2018
grany001,Grandal,Yasmani,B,R,LAN,C,2018
herne001,Hernandez,Enrique,R,R,LAN,OF,2018
hillr001,Hill,Rich,L,L,LAN,P,2018
hudsd001,Hudson,Daniel,R,R,LAN,P,2018
jansk001,Jansen,Kenley,B,R,LAN,P,2018
kempm001,Kemp,Matt,R,R,LAN,OF,2018
kersc001,Kershaw,Clayton,L,L,LAN,P,2018
libea001,Liberatore,Adam,L,L,LAN,P,2018
locat001,Locastro,Tim,R,R,LAN,2B,2018
madsr001,Madson,Ryan,L,R,LAN,P,2018
maedk001,Maeda,Kenta,R,R,LAN,P,2018
machm001,Machado,Manny,R,R,LAN,3B,2018
muncm001,Muncy,Max,L,R,LAN,1B,2018
nealz001,Neal,Zach,R,R,LAN,P,2018
paree002,Paredes,Edward,L,L,LAN,P,2018
pedej001,Pederson,Joc,L,L,LAN,OF,2018
puigy001,Puig,Yasiel,R,R,LAN,OF,2018
rossz001,Rosscup,Zac,R,L,LAN,P,2018
ryu-h001,Ryu,Hyun-Jin,R,L,LAN,P,2018
santd003,Santana,Dennis,R,R,LAN,P,2018
seagc001,Seager,Corey,L,R,LAN,SS,2018
stewb001,Stewart,Brock,L,R,LAN,P,2018
strir001,Stripling,Ross,R,R,LAN,P,2018
taylc001,Taylor,Chris,R,R,LAN,SS,2018
tolea001,Toles,Andrew,L,R,LAN,OF,2018
turnj001,Turner,Justin,R,R,LAN,3B,2018
uriaj001,Urias,Julio,L,L,LAN,P,2018
utlec001,Utley,Chase,L,R,LAN,2B,2018
valeb001,Valera,Breyvic,B,R,LAN,2B,2018
vendp001,Venditte,Pat,B,L,LAN,P,2018
verda001,Verdugo,Alex,L,L,LAN,OF,2018
wooda002,Wood,Alex,R,L,LAN,P,2018
alcas001,Alcantara,Sandy,R,R,MIA,P,2018
andeb006,Anderson,Brian,R,R,MIA,3B,2018
barrk002,Barraclough,Kyle,R,R,MIA,P,2018
bostc001,Bostick,Chris,R,R,MIA,2B,2018
bourj002,Bour,Justin,L,R,MIA,1B,2018
brigj002,Brigham,Jeff,R,R,MIA,P,2018
brinl001,Brinson,Lewis,R,R,MIA,OF,2018
casts001,Castro,Starlin,R,R,MIA,SS,2018
chenw001,Chen,Wei-Yin,R,L,MIA,P,2018
cloyt001,Cloyd,Tyler,R,R,MIA,P,2018
conla001,Conley,Adam,L,L,MIA,P,2018
coopg002,Cooper,Garrett,R,R,MIA,1B,2018
deana001,Dean,Austin,R,R,MIA,OF,2018
despo001,Despaigne,Odrisamer,R,R,MIA,P,2018
dietd001,Dietrich,Derek,L,R,MIA,OF,2018
galli001,Galloway,Isaac,R,R,MIA,OF,2018
garcj006,Garcia,Jarlin,L,L,MIA,P,2018
gonzm007,Gonzalez,Merandy,R,R,MIA,P,2018
gravb001,Graves,Brett,R,R,MIA,P,2018
guerj002,Guerra,Javy,R,R,MIA,P,2018
guert001,Guerrero,Tayron,R,R,MIA,P,2018
herne002,Hernandez,Elieser,R,R,MIA,P,2018
holab001,Holaday,Bryan,R,R,MIA,C,2018
kinlt001,Kinley,Tyler,R,R,MIA,P,2018
lee-b001,Lee,Braxton,L,R,MIA,OF,2018
lopep002,Lopez,Pablo,L,R,MIA,P,2018
maybc001,Maybin,Cameron,R,R,MIA,OF,2018
meyeb002,Meyer,Ben,B,R,MIA,P,2018
obrip002,O'Brien,Peter,R,R,MIA,OF,2018
ograc001,O'Grady,Chris,R,L,MIA,P,2018
orter001,Ortega,Rafael,L,R,MIA,OF,2018
peted001,Peters,Dillon,L,L,MIA,P,2018
realj001,Realmuto,J.T.,R,R,MIA,C,2018
pradm001,Prado,Martin,R,R,MIA,3B,2018
richt001,Richards,Trevor,R,R,MIA,P,2018
riddj001,Riddle,J.T.,L,R,MIA,SS,2018
rivey001,Rivera,Yadiel,R,R,MIA,2B,2018
rojam002,Rojas,Miguel,R,R,MIA,SS,2018
rucid001,Rucinski,Drew,R,R,MIA,P,2018
shucj001,Shuck,J.B.,L,L,MIA,OF,2018
sierm002,Sierra,Magneuris,L,L,MIA,OF,2018
smitc006,Smith,Caleb,R,L,MIA,P,2018
stecd001,Steckenrider,Drew,R,R,MIA,P,2018
strad003,Straily,Dan,R,R,MIA,P,2018
tazaj001,Tazawa,Junichi,R,R,MIA,P,2018
telit001,Telis,Tomas,B,R,MIA,C,2018
turnj002,Turner,Jacob,R,R,MIA,P,2018
urenj001,Urena,Jose,R,R,MIA,P,2018
wallc001,Wallach,Chad,R,R,MIA,C,2018
wittn001,Wittgren,Nick,R,R,MIA,P,2018
ziegb001,Ziegler,Brad,R,R,MIA,P,2018
aguij001,Aguilar,Jesus,R,R,MIL,1B,2018
albem001,Albers,Matt,L,R,MIL,P,2018
andec001,Anderson,Chase,R,R,MIL,P,2018
arcio002,Arcia,Orlando,R,R,MIL,SS,2018
ashea001,Asher,Alec,R,R,MIL,P,2018
bandj001,Bandy,Jett,R,R,MIL,C,2018
barnj002,Barnes,Jacob,R,R,MIL,P,2018
braur002,Braun,Ryan,R,R,MIL,OF,2018
broxk001,Broxton,Keon,R,R,MIL,OF,2018
burnc002,Burnes,Corbin,R,R,MIL,P,2018
cainl001,Cain,Lorenzo,R,R,MIL,OF,2018
cedex001,Cedeno,Xavier,L,L,MIL,P,2018
chacj001,Chacin,Jhoulys,R,R,MIL,P,2018
choij001,Choi,Ji-Man,L,R,MIL,OF,2018
daviz001,Davies,Zach,R,R,MIL,P,2018
drako001,Drake,Oliver,R,R,MIL,P,2018
frann001,Franklin,Nick,B,R,MIL,2B,2018
gonzg003,Gonzalez,Gio,R,L,MIL,P,2018
granc001,Granderson,Curtis,L,R,MIL,OF,2018
guerj003,Guerra,Junior,R,R,MIL,P,2018
hadej001,Hader,Josh,L,L,MIL,P,2018
hoovj002,Hoover,J.J.,R,R,MIL,P,2018
housa001,Houser,Adrian,R,R,MIL,P,2018
jeffj001,Jeffress,Jeremy,R,R,MIL,P,2018
jennd003,Jennings,Dan,L,L,MIL,P,2018
knebc001,Knebel,Corey,R,R,MIL,P,2018
krate001,Kratz,Erik,R,R,MIL,C,2018
logab001,Logan,Boone,R,L,MIL,P,2018
lopej004,Lopez,Jorge,R,R,MIL,P,2018
lylej001,Lyles,Jordan,R,R,MIL,P,2018
milew001,Miley,Wade,L,L,MIL,P,2018
millb002,Miller,Brad,L,R,MIL,SS,2018
mousm001,Moustakas,Mike,L,R,MIL,3B,2018
nottj001,Nottingham,Jacob,R,R,MIL,C,2018
orf-n001,Orf,Nate,R,R,MIL,2B,2018
peraf001,Peralta,Freddy,R,R,MIL,P,2018
pereh001,Perez,Hernan,R,R,MIL,3B,2018
philb002,Phillips,Brett,L,R,MIL,OF,2018
pinam001,Pina,Manny,R,R,MIL,C,2018
salat001,Saladino,Tyler,R,R,MIL,3B,2018
santd002,Santana,Domingo,R,R,MIL,OF,2018
schoj001,Schoop,Jonathan,R,R,MIL,2B,2018
shawt001,Shaw,Travis,L,R,MIL,1B,2018
sogae001,Sogard,Eric,L,R,MIL,2B,2018
sorij001,Soria,Joakim,R,R,MIL,P,2018
suteb001,Suter,Brent,L,L,MIL,P,2018
thame001,Thames,Eric,L,R,MIL,OF,2018
villj001,Villar,Jonathan,B,R,MIL,SS,2018
wilka003,Wilkerson,Aaron,R,R,MIL,P,2018
willt003,Williams,Taylor,B,R,MIL,P,2018
woodb005,Woodruff,Brandon,L,R,MIL,P,2018
yelic001,Yelich,Christian,L,R,MIL,OF,2018
zagum001,Zagurski,Mike,L,L,MIL,P,2018
adrie001,Adrianza,Ehire,B,R,MIN,2B,2018
astuw001,Astudillo,Willians,R,R,MIN,C,2018
austt001,Austin,Tyler,R,R,MIN,OF,2018
belim001,Belisle,Matt,R,R,MIN,P,2018
berrj001,Berrios,Jose,R,R,MIN,P,2018
busea001,Busenitz,Alan,R,R,MIN,P,2018
buxtb001,Buxton,Byron,R,R,MIN,OF,2018
castj006,Castro,Jason,L,R,MIN,C,2018
cavej001,Cave,Jake,L,L,MIN,OF,2018
curtj003,Curtiss,John,R,R,MIN,P,2018
dejoc001,De Jong,Chase,L,R,MIN,P,2018
dozib001,Dozier,Brian,R,R,MIN,2B,2018
drako001,Drake,Oliver,R,R,MIN,P,2018
dufft001,Duffey,Tyler,R,R,MIN,P,2018
dukez001,Duke,Zach,L,L,MIN,P,2018
escoe001,Escobar,Eduardo,B,R,MIN,SS,2018
fielj003,Field,Johnny,R,R,MIN,OF,2018
forsl001,Forsythe,Logan,R,R,MIN,2B,2018
garvm001,Garver,Mitch,R,R,MIN,C,2018
gibsk002,Gibson,Kyle,R,R,MIN,P,2018
gimec001,Gimenez,Chris,R,R,MIN,C,2018
gonss001,Gonsalves,Stephen,L,L,MIN,P,2018
gratj001,Graterol,Juan,R,R,MIN,C,2018
grosr001,Grossman,Robbie,B,L,MIN,OF,2018
haled001,Hale,David,R,R,MIN,P,2018
hildt001,Hildenberger,Trevor,R,R,MIN,P,2018
hughp001,Hughes,Phil,R,R,MIN,P,2018
keplm001,Kepler,Max,L,L,MIN,OF,2018
kinlt001,Kinley,Tyler,R,R,MIN,P,2018
littz001,Littell,Zack,R,R,MIN,P,2018
lynnl001,Lynn,Lance,R,R,MIN,P,2018
lamar001,LaMarre,Ryan,R,L,MIN,OF,2018
magim001,Magill,Matt,R,R,MIN,P,2018
mauej001,Mauer,Joe,L,R,MIN,1B,2018
may-t001,May,Trevor,R,R,MIN,P,2018
mejia001,Mejia,Adalberto,R,L,MIN,P,2018
morrl001,Morrison,Logan,L,L,MIN,1B,2018
mottt001,Motter,Taylor,R,R,MIN,OF,2018
moyag001,Moya,Gabriel,L,L,MIN,P,2018
odorj001,Odorizzi,Jake,R,R,MIN,P,2018
petig001,Petit,Gregorio,R,R,MIN,2B,2018
polaj001,Polanco,Jorge,B,R,MIN,SS,2018
presr001,Pressly,Ryan,R,R,MIN,P,2018
reeda001,Reed,Addison,L,R,MIN,P,2018
rodnf001,Rodney,Fernando,R,R,MIN,P,2018
roget001,Rogers,Taylor,L,L,MIN,P,2018
romef001,Romero,Fernando,R,R,MIN,P,2018
rosae001,Rosario,Eddie,L,R,MIN,OF,2018
sanom001,Sano,Miguel,R,R,MIN,DH,2018
sante001,Santana,Ervin,R,R,MIN,P,2018
slega001,Slegers,Aaron,R,R,MIN,P,2018
stewk001,Stewart,Kohl,R,R,MIN,P,2018
vasqa002,Vasquez,Andrew,L,L,MIN,P,2018
wilsb002,Wilson,Bobby,R,R,MIN,C,2018
adamc002,Adams,Chance,R,R,NYA,P,2018
andum001,Andujar,Miguel,R,R,NYA,3B,2018
austt001,Austin,Tyler,R,R,NYA,OF,2018
betad001,Betances,Dellin,R,R,NYA,P,2018
birdg001,Bird,Greg,L,R,NYA,1B,2018
britz001,Britton,Zach,L,L,NYA,P,2018
cessl001,Cessa,Luis,R,R,NYA,P,2018
chapa001,Chapman,Aroldis,L,L,NYA,P,2018
colea002,Cole,A.J.,R,R,NYA,P,2018
drurb001,Drury,Brandon,R,R,NYA,3B,2018
frazc001,Frazier,Clint,R,R,NYA,OF,2018
gallg001,Gallegos,Giovanny,R,R,NYA,P,2018
gardb001,Gardner,Brett,L,L,NYA,OF,2018
germd001,German,Domingo,R,R,NYA,P,2018
grays001,Gray,Sonny,R,R,NYA,P,2018
greec003,Green,Chad,L,R,NYA,P,2018
gregd001,Gregorius,Didi,L,R,NYA,SS,2018
haled001,Hale,David,R,R,NYA,P,2018
happj001,Happ,J.A.,L,L,NYA,P,2018
hecha001,Hechavarria,Adeiny,R,R,NYA,SS,2018
hicka001,Hicks,Aaron,B,R,NYA,OF,2018
higak001,Higashioka,Kyle,R,R,NYA,C,2018
holdj002,Holder,Jonathan,R,R,NYA,P,2018
judga001,Judge,Aaron,R,R,NYA,OF,2018
kahnt001,Kahnle,Tommy,R,R,NYA,P,2018
kontg001,Kontos,George,R,R,NYA,P,2018
loaij001,Loaisiga,Jonathan,R,R,NYA,P,2018
lynnl001,Lynn,Lance,R,R,NYA,P,2018
mccua001,McCutchen,Andrew,R,R,NYA,OF,2018
mckib001,McKinney,Billy,L,L,NYA,OF,2018
montj004,Montgomery,Jordan,L,L,NYA,P,2018
petej002,Peterson,Jace,L,R,NYA,2B,2018
robed002,Robertson,David,R,R,NYA,P,2018
robis001,Robinson,Shane,R,R,NYA,OF,2018
romia002,Romine,Austin,R,R,NYA,C,2018
sabac001,Sabathia,CC,L,L,NYA,P,2018
sancg002,Sanchez,Gary,R,R,NYA,C,2018
sevel001,Severino,Luis,R,R,NYA,P,2018
shefj001,Sheffield,Justus,L,L,NYA,P,2018
shrec001,Shreve,Chasen,L,L,NYA,P,2018
stanm004,Stanton,Giancarlo,R,R,NYA,OF,2018
tanam001,Tanaka,Masahiro,R,R,NYA,P,2018
tarps001,Tarpley,Stephen,R,L,NYA,P,2018
torrg001,Torres,Gleyber,R,R,NYA,2B,2018
torrr001,Torreyes,Ronald,R,R,NYA,2B,2018
voitl001,Voit,Luke,R,R,NYA,1B,2018
wadet002,Wade,Tyler,L,R,NYA,SS,2018
walkn001,Walker,Neil,B,R,NYA,2B,2018
warra001,Warren,Adam,R,R,NYA,P,2018
basht001,Bashlor,Tyler,R,R,NYN,P,2018
baumb001,Baumann,Buddy,L,L,NYN,P,2018
bautg001,Bautista,Gerson,R,R,NYN,P,2018
bautj002,Bautista,Jose,R,R,NYN,OF,2018
beckc002,Beck,Chris,R,R,NYN,P,2018
blevj001,Blevins,Jerry,L,L,NYN,P,2018
brucj001,Bruce,Jay,L,L,NYN,OF,2018
cabra002,Cabrera,Asdrubal,B,R,NYN,SS,2018
cespy001,Cespedes,Yoenis,R,R,NYN,OF,2018
confm001,Conforto,Michael,L,R,NYN,OF,2018
conlp001,Conlon,P.J.,L,L,NYN,P,2018
copes001,Copeland,Scott,R,R,NYN,P,2018
darnt001,d'Arnaud,Travis,R,R,NYN,C,2018
degrj001,deGrom,Jacob,L,R,NYN,P,2018
dendm001,den Dekker,Matt,L,L,NYN,OF,2018
evanp001,Evans,Phillip,R,R,NYN,3B,2018
famij001,Familia,Jeurys,R,R,NYN,P,2018
flexc001,Flexen,Chris,R,R,NYN,P,2018
florw001,Flores,Wilmer,R,R,NYN,SS,2018
frazt001,Frazier,Todd,R,R,NYN,3B,2018
gagnd001,Gagnon,Drew,R,R,NYN,P,2018
gonza003,Gonzalez,Adrian,L,L,NYN,1B,2018
gselr001,Gsellman,Robert,R,R,NYN,P,2018
guill001,Guillorme,Luis,L,R,NYN,SS,2018
hanhe001,Hanhold,Eric,R,R,NYN,P,2018
harvm001,Harvey,Matt,R,R,NYN,P,2018
jacka001,Jackson,Austin,R,R,NYN,OF,2018
kaczk001,Kaczmarski,Kevin,L,R,NYN,OF,2018
kellt001,Kelly,Ty,B,R,NYN,2B,2018
lagaj001,Lagares,Juan,R,R,NYN,OF,2018
lobaj001,Lobaton,Jose,B,R,NYN,C,2018
lugos001,Lugo,Seth,R,R,NYN,P,2018
matzs001,Matz,Steven,R,L,NYN,P,2018
mcnej002,McNeil,Jeff,L,R,NYN,2B,2018
mesod001,Mesoraco,Devin,R,R,NYN,C,2018
nidot001,Nido,Tomas,R,R,NYN,C,2018
nimmb001,Nimmo,Brandon,L,R,NYN,OF,2018
oswac001,Oswalt,Corey,R,R,NYN,P,2018
petet001,Peterson,Tim,R,R,NYN,P,2018
plawk001,Plawecki,Kevin,R,R,NYN,C,2018
ramoa001,Ramos,A.J.,R,R,NYN,P,2018
reinj001,Reinheimer,Jack,R,R,NYN,SS,2018
reyej001,Reyes,Jose,B,R,NYN,SS,2018
rhamj001,Rhame,Jacob,R,R,NYN,P,2018
roblh001,Robles,Hansel,R,R,NYN,P,2018
rosaa003,Rosario,Amed,R,R,NYN,SS,2018
sewap001,Sewald,Paul,R,R,NYN,P,2018
smitd008,Smith,Dominic,L,L,NYN,1B,2018
smitd009,Smith,Drew,R,R,NYN,P,2018
swara001,Swarzak,Anthony,R,R,NYN,P,2018
syndn001,Syndergaard,Noah,L,R,NYN,P,2018
vargj001,Vargas,Jason,L,L,NYN,P,2018
wahlb001,Wahl,Bobby,R,R,NYN,P,2018
wheez001,Wheeler,Zack,L,R,NYN,P,2018
wrigd002,Wright,David,R,R,NYN,3B,2018
zamod001,Zamora,Daniel,L,L,NYN,P,2018
andeb004,Anderson,Brett,L,L,OAK,P,2018
barrf001,Barreto,Franklin,R,R,OAK,SS,2018
bassc001,Bassitt,Chris,R,R,OAK,P,2018
blacp001,Blackburn,Paul,R,R,OAK,P,2018
bleij001,Bleich,Jeremy,L,L,OAK,P,2018
brooa001,Brooks,Aaron,R,R,OAK,P,2018
buchr001,Buchter,Ryan,L,L,OAK,P,2018
cahit001,Cahill,Trevor,R,R,OAK,P,2018
canhm001,Canha,Mark,R,R,OAK,1B,2018
chapm001,Chapman,Matt,R,R,OAK,3B,2018
could001,Coulombe,Daniel,L,L,OAK,P,2018
davik003,Davis,Khris,R,R,OAK,OF,2018
dullr001,Dull,Ryan,R,R,OAK,P,2018
famij001,Familia,Jeurys,R,R,OAK,P,2018
fierm001,Fiers,Michael,R,R,OAK,P,2018
fontw001,Font,Wilmer,R,R,OAK,P,2018
fowld002,Fowler,Dustin,L,L,OAK,OF,2018
garcj002,Casilla,Santiago,R,R,OAK,P,2018
gearc001,Gearrin,Cory,R,R,OAK,P,2018
gossd001,Gossett,Daniel,R,R,OAK,P,2018
gravk001,Graveman,Kendall,R,R,OAK,P,2018
hatcc002,Hatcher,Chris,B,R,OAK,P,2018
hendl001,Hendriks,Liam,R,R,OAK,P,2018
jacke001,Jackson,Edwin,R,R,OAK,P,2018
joycm001,Joyce,Matt,L,R,OAK,OF,2018
kells001,Kelley,Shawn,R,R,OAK,P,2018
kiekd001,Kiekhefer,Dean,L,L,OAK,P,2018
laurr001,Laureano,Ramon,R,R,OAK,OF,2018
lowrj001,Lowrie,Jed,B,R,OAK,3B,2018
lucaj001,Lucas,Josh,R,R,OAK,P,2018
lucrj001,Lucroy,Jonathan,R,R,OAK,C,2018
manas001,Manaea,Sean,R,L,OAK,P,2018
martn003,Martini,Nick,L,L,OAK,OF,2018
maxwb001,Maxwell,Bruce,L,R,OAK,C,2018
mengd001,Mengden,Daniel,R,R,OAK,P,2018
montf001,Montas,Frankie,R,R,OAK,P,2018
olsom001,Olson,Matt,L,R,OAK,OF,2018
pagae001,Pagan,Emilio,L,R,OAK,P,2018
petiy001,Petit,Yusmeiro,R,R,OAK,P,2018
phegj001,Phegley,Josh,R,R,OAK,C,2018
pindc001,Pinder,Chad,R,R,OAK,SS,2018
piscs001,Piscotty,Stephen,R,R,OAK,OF,2018
poweb002,Powell,Boog,L,L,OAK,OF,2018
ramic001,Ramirez,Carlos,R,R,OAK,P,2018
rodnf001,Rodney,Fernando,R,R,OAK,P,2018
semim001,Semien,Marcus,R,R,OAK,SS,2018
smolj002,Smolinski,Jake,R,R,OAK,OF,2018
taylb003,Taylor,Beau,L,R,OAK,C,2018
thomt002,Thompson,Trayce,R,R,OAK,OF,2018
treib001,Treinen,Blake,R,R,OAK,P,2018
triga001,Triggs,Andrew,R,R,OAK,P,2018
trivl001,Trivino,Lou,R,R,OAK,P,2018
wendj001,Wendelken,J.B.,R,R,OAK,P,2018
alfaj002,Alfaro,Jorge,R,R,PHI,C,2018
altha001,Altherr,Aaron,R,R,PHI,OF,2018
anded003,Anderson,Drew,R,R,PHI,P,2018
aranv001,Arano,Victor,R,R,PHI,P,2018
arrij001,Arrieta,Jake,R,R,PHI,P,2018
avill001,Avilan,Luis,L,L,PHI,P,2018
bautj002,Bautista,Jose,R,R,PHI,OF,2018
bourj002,Bour,Justin,L,R,PHI,1B,2018
cabra002,Cabrera,Asdrubal,B,R,PHI,SS,2018
cozed001,Cozens,Dylan,L,L,PHI,OF,2018
crawj002,Crawford,J.P.,L,R,PHI,SS,2018
curtz001,Curtis,Zac,L,L,PHI,P,2018
davia003,Davis,Austin,L,L,PHI,P,2018
deloe001,De Los Santos,Enyel,R,R,PHI,P,2018
domis001,Dominguez,Seranthony,R,R,PHI,P,2018
efliz001,Eflin,Zach,R,R,PHI,P,2018
eickj001,Eickhoff,Jerad,R,R,PHI,P,2018
florp001,Florimon,Pedro,B,R,PHI,SS,2018
franm004,Franco,Maikel,R,R,PHI,3B,2018
garcl005,Garcia,Luis,R,R,PHI,P,2018
hernc005,Hernandez,Cesar,B,R,PHI,2B,2018
herro001,Herrera,Odubel,L,R,PHI,OF,2018
hoskr001,Hoskins,Rhys,R,R,PHI,1B,2018
huntt002,Hunter,Tommy,R,R,PHI,P,2018
hutcd001,Hutchison,Drew,L,R,PHI,P,2018
kings001,Kingery,Scott,R,R,PHI,2B,2018
knapa001,Knapp,Andrew,B,R,PHI,C,2018
leitm002,Leiter,Mark,R,R,PHI,P,2018
liveb001,Lively,Ben,R,R,PHI,P,2018
loupa001,Loup,Aaron,L,L,PHI,P,2018
milnh001,Milner,Hoby,L,L,PHI,P,2018
morga001,Morgan,Adam,L,L,PHI,P,2018
nerih001,Neris,Hector,R,R,PHI,P,2018
neshp001,Neshek,Pat,B,R,PHI,P,2018
nolaa001,Nola,Aaron,R,R,PHI,P,2018
piven001,Pivetta,Nick,R,R,PHI,P,2018
plout001,Plouffe,Trevor,R,R,PHI,3B,2018
quinr003,Quinn,Roman,B,R,PHI,OF,2018
ramoe002,Ramos,Edubray,R,R,PHI,P,2018
ramow001,Ramos,Wilson,R,R,PHI,C,2018
riosy001,Rios,Yacksel,R,R,PHI,P,2018
santc002,Santana,Carlos,B,R,PHI,1B,2018
suarr001,Suarez,Ranger,L,L,PHI,P,2018
thomj007,Thompson,Jake,R,R,PHI,P,2018
valej006,Valentin,Jesmuel,B,R,PHI,2B,2018
velav001,Velasquez,Vincent,R,R,PHI,P,2018
waldm001,Walding,Mitch,L,R,PHI,3B,2018
willn001,Williams,Nick,L,L,PHI,OF,2018
andet003,Anderson,Tanner,R,R,PIT,P,2018
archc001,Archer,Chris,R,R,PIT,P,2018
bellj005,Bell,Josh,B,R,PIT,1B,2018
bostc001,Bostick,Chris,R,R,PIT,2B,2018
braus002,Brault,Steven,L,L,PIT,P,2018
burdn001,Burdi,Nick,R,R,PIT,P,2018
cervf001,Cervelli,Francisco,R,R,PIT,C,2018
crick001,Crick,Kyle,L,R,PIT,P,2018
diaze005,Diaz,Elias,R,R,PIT,C,2018
dickc002,Dickerson,Corey,L,R,PIT,OF,2018
felim001,Feliz,Michael,R,R,PIT,P,2018
fraza001,Frazier,Adam,L,R,PIT,OF,2018
freed001,Freese,David,R,R,PIT,3B,2018
glast001,Glasnow,Tyler,L,R,PIT,P,2018
harrj002,Harrison,Josh,R,R,PIT,3B,2018
hecha001,Hechavarria,Adeiny,R,R,PIT,SS,2018
holmc001,Holmes,Clay,R,R,PIT,P,2018
kangj001,Kang,Jung Ho,R,R,PIT,3B,2018
kelak001,Kela,Keone,R,R,PIT,P,2018
kingn001,Kingham,Nick,R,R,PIT,P,2018
kontg001,Kontos,George,R,R,PIT,P,2018
kramk001,Kramer,Kevin,L,R,PIT,2B,2018
kuhlc001,Kuhl,Chad,R,R,PIT,P,2018
lavar001,Lavarnway,Ryan,R,R,PIT,C,2018
luplj001,Luplow,Jordan,R,R,PIT,OF,2018
marts002,Marte,Starling,R,R,PIT,OF,2018
mcraa001,McRae,Alex,R,R,PIT,P,2018
meada001,Meadows,Austin,L,L,PIT,OF,2018
mercj002,Mercer,Jordy,R,R,PIT,SS,2018
morac001,Moran,Colin,L,R,PIT,3B,2018
morom001,Moroff,Max,B,R,PIT,2B,2018
musgj001,Musgrove,Joe,R,R,PIT,P,2018
neved001,Neverauskas,Dovydas,R,R,PIT,P,2018
newmk001,Newman,Kevin,R,R,PIT,2B,2018
novai001,Nova,Ivan,R,R,PIT,P,2018
osunj001,Osuna,Jose,R,R,PIT,OF,2018
polag001,Polanco,Gregory,L,L,PIT,OF,2018
reyep001,Reyes,Pablo,R,R,PIT,OF,2018
rivef001,Rivero,Felipe,L,L,PIT,P,2018
rodrr008,Rodriguez,Richard,R,R,PIT,P,2018
rodrs002,Rodriguez,Sean,R,R,PIT,1B,2018
romee002,Romero,Enny,R,L,PIT,P,2018
sadlc002,Sadler,Casey,R,R,PIT,P,2018
sante002,Santana,Edgar,R,R,PIT,P,2018
smokj001,Smoker,Josh,L,L,PIT,P,2018
stalj001,Stallings,Jacob,R,R,PIT,C,2018
tailj001,Taillon,Jameson,R,R,PIT,P,2018
willt002,Williams,Trevor,R,R,PIT,P,2018
asuac001,Asuaje,Carlos,L,R,SDN,2B,2018
baumb001,Baumann,Buddy,L,L,SDN,P,2018
brewc002,Brewer,Colten,R,R,SDN,P,2018
castj007,Castillo,Jose,L,L,SDN,P,2018
cimba001,Cimber,Adam,R,R,SDN,P,2018
cordf003,Cordero,Franchy,L,R,SDN,OF,2018
diazm004,Diaz,Miguel,R,R,SDN,P,2018
ellia001,Ellis,A.J.,R,R,SDN,C,2018
erlir001,Erlin,Robbie,R,L,SDN,P,2018
galvf001,Galvis,Freddy,B,R,SDN,SS,2018
guerj004,Guerra,Javy,L,R,SDN,SS,2018
handb001,Hand,Brad,L,L,SDN,P,2018
headc001,Headley,Chase,B,R,SDN,3B,2018
hedga001,Hedges,Austin,R,R,SDN,C,2018
hosme001,Hosmer,Eric,L,L,SDN,1B,2018
hughp001,Hughes,Phil,R,R,SDN,P,2018
jankt001,Jankowski,Travis,L,R,SDN,OF,2018
kennb001,Kennedy,Brett,R,R,SDN,P,2018
lauee001,Lauer,Eric,R,L,SDN,P,2018
lockw001,Lockett,Walker,R,R,SDN,P,2018
loper002,Lopez,Rafael,L,R,SDN,C,2018
luccj001,Lucchesi,Joey,L,L,SDN,P,2018
lylej001,Lyles,Jordan,R,R,SDN,P,2018
makik001,Makita,Kazuhisa,R,R,SDN,P,2018
margm001,Margot,Manuel,R,R,SDN,OF,2018
matop002,Maton,Phil,R,R,SDN,P,2018
mcgrk001,McGrath,Kyle,L,L,SDN,P,2018
mejif001,Mejia,Francisco,B,R,SDN,C,2018
mitcb001,Mitchell,Bryan,L,R,SDN,P,2018
myerw001,Myers,Wil,R,R,SDN,OF,2018
nix-j002,Nix,Jacob,R,R,SDN,P,2018
perdl002,Perdomo,Luis,R,R,SDN,P,2018
pirej001,Pirela,Jose,R,R,SDN,OF,2018
renfh001,Renfroe,Hunter,R,R,SDN,OF,2018
reyef001,Reyes,Franmil,R,R,SDN,OF,2018
richc002,Richard,Clayton,L,L,SDN,P,2018
rosst001,Ross,Tyson,R,R,SDN,P,2018
spanc001,Spangenberg,Cory,L,R,SDN,2B,2018
stamc001,Stammen,Craig,R,R,SDN,P,2018
stocr001,Stock,Robert,L,R,SDN,P,2018
stram001,Strahm,Matt,R,L,SDN,P,2018
szczm001,Szczur,Matt,R,R,SDN,OF,2018
urial001,Urias,Luis,R,R,SDN,2B,2018
villc002,Villanueva,Christian,R,R,SDN,3B,2018
webbt001,Webb,Tyler,R,L,SDN,P,2018
wickr001,Wick,Rowan,L,R,SDN,P,2018
wiecb001,Wieck,Brad,L,L,SDN,P,2018
wingt001,Wingenter,Trey,R,R,SDN,P,2018
yatek001,Yates,Kirby,L,R,SDN,P,2018
altad001,Altavilla,Dan,R,R,SEA,P,2018
andrj001,Andreoli,John,R,R,SEA,P,2018
armss001,Armstrong,Shawn,R,R,SEA,P,2018
beckg001,Beckham,Gordon,R,R,SEA,3B,2018
bergc001,Bergman,Christian,R,R,SEA,P,2018
bradc002,Bradford,Chasen,R,R,SEA,P,2018
canor001,Cano,Robinson,L,R,SEA,2B,2018
coloa001,Colome,Alex,R,R,SEA,P,2018
cookr001,Cook,Ryan,R,R,SEA,P,2018
cruzn002,Cruz,Nelson,R,R,SEA,OF,2018
detwr001,Detwiler,Ross,R,L,SEA,P,2018
diaze006,Diaz,Edwin,R,R,SEA,P,2018
dukez001,Duke,Zach,L,L,SEA,P,2018
eliar001,Elias,Roenis,L,L,SEA,P,2018
festm001,Festa,Matt,R,R,SEA,P,2018
freid001,Freitas,David,R,R,SEA,C,2018
gameb001,Gamel,Ben,L,L,SEA,OF,2018
gonzm005,Gonzales,Marco,L,L,SEA,P,2018
goede001,Goeddel,Erik,R,R,SEA,P,2018
gordd002,Gordon,Dee,L,R,SEA,2B,2018
grimj002,Grimm,Justin,R,R,SEA,P,2018
hanim001,Haniger,Mitch,R,R,SEA,OF,2018
healr001,Healy,Ryon,R,R,SEA,3B,2018
hereg002,Heredia,Guillermo,R,L,SEA,OF,2018
hernf002,Hernandez,Felix,R,R,SEA,P,2018
herrc001,Herrmann,Chris,L,R,SEA,C,2018
lawrc001,Lawrence,Casey,R,R,SEA,P,2018
leblw001,LeBlanc,Wade,L,L,SEA,P,2018
leakm001,Leake,Mike,R,R,SEA,P,2018
marjm001,Marjama,Mike,R,R,SEA,C,2018
maybc001,Maybin,Cameron,R,R,SEA,OF,2018
miraa002,Miranda,Ariel,L,L,SEA,P,2018
morim002,Morin,Mike,R,R,SEA,P,2018
mottt001,Motter,Taylor,R,R,SEA,OF,2018
negrk001,Negron,Kristopher,R,R,SEA,OF,2018
nicaj001,Nicasio,Juan,R,R,SEA,P,2018
paxtj001,Paxton,James,L,L,SEA,P,2018
pazoj001,Pazos,James,R,L,SEA,P,2018
ramie004,Ramirez,Erasmo,R,R,SEA,P,2018
romia001,Romine,Andrew,B,R,SEA,3B,2018
rumbn001,Rumbelow,Nick,R,R,SEA,P,2018
rzepm001,Rzepczynski,Marc,L,L,SEA,P,2018
seagk001,Seager,Kyle,L,R,SEA,3B,2018
seguj002,Segura,Jean,R,R,SEA,SS,2018
spand001,Span,Denard,L,L,SEA,OF,2018
suzui001,Suzuki,Ichiro,L,R,SEA,OF,2018
tuivs001,Tuivailala,Sam,R,R,SEA,P,2018
vincn001,Vincent,Nick,R,R,SEA,P,2018
vincz001,Vincej,Zach,R,R,SEA,SS,2018
voged001,Vogelbach,Daniel,L,R,SEA,1B,2018
warra001,Warren,Adam,R,R,SEA,P,2018
whalr001,Whalen,Rob,R,R,SEA,P,2018
zunim001,Zunino,Mike,R,R,SEA,C,2018
avela001,Avelino,Abiatal,R,R,SFN,SS,2018
beedt001,Beede,Tyler,R,R,SFN,P,2018
beltb001,Belt,Brandon,L,L,SFN,1B,2018
blact002,Blach,Ty,R,L,SFN,P,2018
blacr001,Black,Ray,R,R,SFN,P,2018
blang001,Blanco,Gregor,L,L,SFN,OF,2018
bumgm001,Bumgarner,Madison,R,L,SFN,P,2018
crawb001,Crawford,Brandon,L,R,SFN,SS,2018
cuetj001,Cueto,Johnny,R,R,SFN,P,2018
darnc001,d'Arnaud,Chase,R,R,SFN,SS,2018
duggs001,Duggar,Steven,L,R,SFN,OF,2018
dysos001,Dyson,Sam,R,R,SFN,P,2018
garca006,Garcia,Aramis,R,R,SFN,C,2018
gearc001,Gearrin,Cory,R,R,SFN,P,2018
gomem002,Gomez,Miguel,B,R,SFN,3B,2018
gomer002,Gomez,Roberto,B,R,SFN,P,2018
hansa001,Hanson,Alen,B,R,SFN,SS,2018
hundn001,Hundley,Nick,R,R,SFN,C,2018
herng001,Hernandez,Gorkys,R,R,SFN,OF,2018
holld003,Holland,Derek,B,L,SFN,P,2018
jacka001,Jackson,Austin,R,R,SFN,OF,2018
johnp001,Johnson,Pierce,R,R,SFN,P,2018
joner005,Jones,Ryder,L,R,SFN,3B,2018
kellc001,Kelly,Casey,R,R,SFN,P,2018
law-d001,Law,Derek,R,R,SFN,P,2018
longe001,Longoria,Evan,R,R,SFN,3B,2018
mccua001,McCutchen,Andrew,R,R,SFN,OF,2018
melam001,Melancon,Mark,R,R,SFN,P,2018
moror001,Moronta,Reyes,R,R,SFN,P,2018
okers001,Okert,Steven,L,L,SFN,P,2018
osicj001,Osich,Josh,L,L,SFN,P,2018
panij002,Panik,Joe,L,R,SFN,2B,2018
pench001,Pence,Hunter,R,R,SFN,OF,2018
poseb001,Posey,Buster,R,R,SFN,C,2018
rodrd001,Rodriguez,Dereck,R,R,SFN,P,2018
samaj001,Samardzija,Jeff,R,R,SFN,P,2018
sandp001,Sandoval,Pablo,B,R,SFN,3B,2018
shawc001,Shaw,Chris,L,R,SFN,OF,2018
slata001,Slater,Austin,R,R,SFN,OF,2018
smitw002,Smith,Will,R,L,SFN,P,2018
sneld001,Snelten,D.J.,L,L,SFN,P,2018
strac001,Stratton,Chris,R,R,SFN,P,2018
strih001,Strickland,Hunter,R,R,SFN,P,2018
suara002,Suarez,Andrew,L,L,SFN,P,2018
tomlk001,Tomlinson,Kelby,R,R,SFN,2B,2018
valdj003,Valdez,Jose,R,R,SFN,P,2018
watst001,Watson,Tony,L,L,SFN,P,2018
willm008,Williamson,Mac,R,R,SFN,OF,2018
adamm002,Adams,Matt,L,R,SLN,1B,2018
badeh001,Bader,Harrison,R,R,SLN,OF,2018
baros002,Baron,Steve,R,R,SLN,C,2018
bowmm001,Bowman,Matt,R,R,SLN,P,2018
brebj001,Brebbia,John,L,R,SLN,P,2018
carpm002,Carpenter,Matt,L,R,SLN,3B,2018
cecib001,Cecil,Brett,R,L,SLN,P,2018
dejop001,DeJong,Paul,R,R,SLN,3B,2018
flahj002,Flaherty,Jack,R,R,SLN,P,2018
fowld001,Fowler,Dexter,B,R,SLN,OF,2018
gallg001,Gallegos,Giovanny,R,R,SLN,P,2018
gantj002,Gant,John,R,R,SLN,P,2018
garca005,Garcia,Adolis,R,R,SLN,OF,2018
garcg002,Garcia,Greg,L,R,SLN,SS,2018
gomba001,Gomber,Austin,L,L,SLN,P,2018
gregl001,Gregerson,Luke,L,R,SLN,P,2018
guilp001,Guilmet,Preston,R,R,SLN,P,2018
gyorj001,Gyorko,Jedd,R,R,SLN,2B,2018
hickj002,Hicks,Jordan,R,R,SLN,P,2018
hollg001,Holland,Greg,R,R,SLN,P,2018
hudsd002,Hudson,Dakota,R,R,SLN,P,2018
kellc002,Kelly,Carson,R,R,SLN,C,2018
leond003,Leone,Dominic,R,R,SLN,P,2018
lyont001,Lyons,Tyler,B,L,SLN,P,2018
martc006,Martinez,Carlos,R,R,SLN,P,2018
martj008,Martinez,Jose,R,R,SLN,OF,2018
mayem001,Mayers,Mike,R,R,SLN,P,2018
mikom001,Mikolas,Miles,R,R,SLN,P,2018
moliy001,Molina,Yadier,R,R,SLN,C,2018
munoy001,Munoz,Yairo,R,R,SLN,SS,2018
norrb001,Norris,Bud,R,R,SLN,P,2018
oneit001,O'Neill,Tyler,R,R,SLN,OF,2018
ozunm001,Ozuna,Marcell,R,R,SLN,OF,2018
penaf001,Pena,Francisco,R,R,SLN,C,2018
phamt001,Pham,Tommy,R,R,SLN,OF,2018
poncd001,Ponce de Leon,Daniel,R,R,SLN,P,2018
reyea004,Reyes,Alex,R,R,SLN,P,2018
rosst001,Ross,Tyson,R,R,SLN,P,2018
sherr001,Sherriff,Ryan,L,L,SLN,P,2018
shrec001,Shreve,Chasen,L,L,SLN,P,2018
sosae001,Sosa,Edmundo,R,R,SLN,SS,2018
tuivs001,Tuivailala,Sam,R,R,SLN,P,2018
voitl001,Voit,Luke,R,R,SLN,1B,2018
wachm001,Wacha,Michael,R,R,SLN,P,2018
waina001,Wainwright,Adam,R,R,SLN,P,2018
weavl001,Weaver,Luke,R,R,SLN,P,2018
webbt001,Webb,Tyler,R,L,SLN,P,2018
wisdp001,Wisdom,Patrick,R,R,SLN,3B,2018
wongk001,Wong,Kolten,L,R,SLN,2B,2018
adamw002,Adames,Willy,R,R,TBA,SS,2018
alvaj004,Alvarado,Jose,L,L,TBA,P,2018
andrm001,Andriese,Matt,R,R,TBA,P,2018
archc001,Archer,Chris,R,R,TBA,P,2018
arroc001,Arroyo,Christian,R,R,TBA,3B,2018
banda001,Banda,Anthony,L,L,TBA,P,2018
bauej001,Bauers,Jake,L,L,TBA,1B,2018
beekj001,Beeks,Jalen,L,L,TBA,P,2018
castd002,Castillo,Diego,R,R,TBA,P,2018
chiry001,Chirinos,Yonny,R,R,TBA,P,2018
choij001,Choi,Ji-Man,L,R,TBA,OF,2018
ciufn001,Ciuffo,Nick,L,R,TBA,C,2018
coloa001,Colome,Alex,R,R,TBA,P,2018
cronc002,Cron,C.J.,R,R,TBA,1B,2018
duffm002,Duffy,Matt,R,R,TBA,IF,2018
eovan001,Eovaldi,Nathan,R,R,TBA,P,2018
farij001,Faria,Jacob,R,R,TBA,P,2018
fielj003,Field,Johnny,R,R,TBA,OF,2018
fontw001,Font,Wilmer,R,R,TBA,P,2018
glast001,Glasnow,Tyler,L,R,TBA,P,2018
gomec002,Gomez,Carlos,R,R,TBA,OF,2018
hecha001,Hechavarria,Adeiny,R,R,TBA,SS,2018
hu--c002,Hu,Chih-Wei,R,R,TBA,P,2018
kierk001,Kiermaier,Kevin,L,R,TBA,OF,2018
kitta001,Kittredge,Andrew,R,R,TBA,P,2018
kolaa001,Kolarek,Adam,L,L,TBA,P,2018
loweb001,Lowe,Brandon,L,R,TBA,2B,2018
meada001,Meadows,Austin,L,L,TBA,OF,2018
millb002,Miller,Brad,L,R,TBA,SS,2018
milnh001,Milner,Hoby,L,L,TBA,P,2018
moora001,Moore,Adam,R,R,TBA,C,2018
nunov001,Nuno,Vidal,L,L,TBA,P,2018
perem005,Perez,Michael,L,R,TBA,C,2018
phamt001,Pham,Tommy,R,R,TBA,OF,2018
pruia001,Pruitt,Austin,R,R,TBA,P,2018
ramow001,Ramos,Wilson,R,R,TBA,C,2018
refsr001,Refsnyder,Rob,R,R,TBA,2B,2018
robed004,Robertson,Daniel,R,R,TBA,SS,2018
roe-c001,Roe,Chaz,R,R,TBA,P,2018
romos001,Romo,Sergio,R,R,TBA,P,2018
schuj002,Schultz,Jaime,R,R,TBA,P,2018
smitm007,Smith,Mallex,L,R,TBA,OF,2018
snelb001,Snell,Blake,L,L,TBA,P,2018
snydb003,Snyder,Brandon,R,R,TBA,3B,2018
spand001,Span,Denard,L,L,TBA,OF,2018
stanr002,Stanek,Ryne,R,R,TBA,P,2018
sucrj001,Sucre,Jesus,R,R,TBA,C,2018
velaa001,Velazquez,Andrew,B,R,TBA,SS,2018
ventj001,Venters,Jonny,L,L,TBA,P,2018
weber001,Weber,Ryan,R,R,TBA,P,2018
wendj002,Wendle,Joey,L,R,TBA,2B,2018
willj006,Williams,Justin,L,R,TBA,OF,2018
woodh001,Wood,Hunter,R,R,TBA,P,2018
yarbr001,Yarbrough,Ryan,R,L,TBA,P,2018
albeh001,Alberto,Hanser,R,R,TEX,2B,2018
andre001,Andrus,Elvis,R,R,TEX,SS,2018
barnt002,Barnette,Tony,R,R,TEX,P,2018
belta001,Beltre,Adrian,R,R,TEX,3B,2018
bibea001,Bibens-Dirkx,Austin,R,R,TEX,P,2018
bushm001,Bush,Matt,R,R,TEX,P,2018
butle001,Butler,Eddie,R,R,TEX,P,2018
calhw001,Calhoun,Willie,L,R,TEX,OF,2018
centj001,Centeno,Juan,L,R,TEX,C,2018
chavj001,Chavez,Jesse,R,R,TEX,P,2018
chirr001,Chirinos,Robinson,R,R,TEX,C,2018
choos001,Choo,Shin-Soo,L,L,TEX,OF,2018
claua001,Claudio,Alex,L,L,TEX,P,2018
colob001,Colon,Bartolo,R,R,TEX,P,2018
curtz001,Curtis,Zac,L,L,TEX,P,2018
deshd002,DeShields,Delino,R,R,TEX,OF,2018
diekj001,Diekman,Jake,L,L,TEX,P,2018
fistd001,Fister,Doug,L,R,TEX,P,2018
gally001,Gallardo,Yovani,R,R,TEX,P,2018
gallj002,Gallo,Joey,L,R,TEX,OF,2018
gardn001,Gardewine,Nick,R,R,TEX,P,2018
gearc001,Gearrin,Cory,R,R,TEX,P,2018
guzmr001,Guzman,Ronald,L,L,TEX,1B,2018
hamec001,Hamels,Cole,L,L,TEX,P,2018
hutcd001,Hutchison,Drew,L,R,TEX,P,2018
jepsk001,Jepsen,Kevin,R,R,TEX,P,2018
juraa001,Jurado,Ariel,R,R,TEX,P,2018
kelak001,Kela,Keone,R,R,TEX,P,2018
kinei001,Kiner-Falefa,Isiah,R,R,TEX,3B,2018
leclj001,Leclerc,Jose,R,R,TEX,P,2018
mannb001,Mann,Brandon,L,L,TEX,P,2018
martc007,Martin,Chris,R,R,TEX,P,2018
mazan001,Mazara,Nomar,L,L,TEX,OF,2018
mendy001,Mendez,Yohander,L,L,TEX,P,2018
minom001,Minor,Mike,R,L,TEX,P,2018
moorm003,Moore,Matt,L,L,TEX,P,2018
nuner001,Nunez,Renato,R,R,TEX,3B,2018
odorr001,Odor,Rougned,L,R,TEX,2B,2018
pelhc001,Pelham,C.D.,L,L,TEX,P,2018
perec003,Perez,Carlos,R,R,TEX,C,2018
perem004,Perez,Martin,L,L,TEX,P,2018
profj001,Profar,Jurickson,B,R,TEX,2B,2018
robid003,Robinson,Drew,L,R,TEX,3B,2018
rodrr007,Rodriguez,Ricardo,R,R,TEX,P,2018
rua-r001,Rua,Ryan,R,R,TEX,OF,2018
sadzc001,Sadzeck,Connor,R,R,TEX,P,2018
sampa001,Sampson,Adrian,R,R,TEX,P,2018
sprij001,Springs,Jeffrey,L,L,TEX,P,2018
toccc001,Tocci,Carlos,R,R,TEX,OF,2018
trevj001,Trevino,Jose,R,R,TEX,C,2018
alfoa002,Alford,Anthony,R,R,TOR,OF,2018
axfoj001,Axford,John,R,R,TOR,P,2018
barnd002,Barnes,Danny,L,R,TOR,P,2018
bertj001,Berti,Jon,R,R,TOR,3B,2018
biagj001,Biagini,Joe,R,R,TOR,P,2018
borur001,Borucki,Ryan,L,L,TOR,P,2018
clipt001,Clippard,Tyler,R,R,TOR,P,2018
cruzr001,Cruz,Rhiner,R,R,TOR,P,2018
cumpb001,Cumpton,Brandon,R,R,TOR,P,2018
davij007,Davis,Jonathan,R,R,TOR,OF,2018
diaza003,Diaz,Aledmys,R,R,TOR,SS,2018
donaj001,Donaldson,Josh,R,R,TOR,3B,2018
drako001,Drake,Oliver,R,R,TOR,P,2018
drurb001,Drury,Brandon,R,R,TOR,3B,2018
estrm001,Estrada,Marco,R,R,TOR,P,2018
fernj005,Fernandez,Jose,L,L,TOR,P,2018
garcj004,Garcia,Jaime,L,L,TOR,P,2018
gavis001,Gaviglio,Sam,R,R,TOR,P,2018
gilek001,Giles,Ken,R,R,TOR,P,2018
granc001,Granderson,Curtis,L,R,TOR,OF,2018
gricr001,Grichuk,Randal,R,R,TOR,OF,2018
guilp001,Guilmet,Preston,R,R,TOR,P,2018
guert002,Guerrieri,Taylor,R,R,TOR,P,2018
gurrl001,Gurriel,Lourdes,R,R,TOR,2B,2018
happj001,Happ,J.A.,L,L,TOR,P,2018
hausm001,Hauschild,Mike,R,R,TOR,P,2018
hernt002,Hernandez,Teoscar,R,R,TOR,OF,2018
jansd001,Jansen,Danny,R,R,TOR,C,2018
leitm002,Leiter,Mark,R,R,TOR,P,2018
loupa001,Loup,Aaron,L,L,TOR,P,2018
maill001,Maile,Luke,R,R,TOR,C,2018
martr004,Martin,Russell,R,R,TOR,C,2018
mayzt001,Mayza,Tim,L,L,TOR,P,2018
mcgud001,McGuire,Deck,R,R,TOR,P,2018
mcgur002,McGuire,Reese,L,R,TOR,C,2018
mckib001,McKinney,Billy,L,L,TOR,OF,2018
morak001,Morales,Kendrys,B,R,TOR,DH,2018
ngoeg001,Ngoepe,Gift,R,R,TOR,SS,2018
oh--s001,Oh,Seung Hwan,R,R,TOR,P,2018
osunr001,Osuna,Roberto,R,R,TOR,P,2018
pannt001,Pannone,Thomas,L,L,TOR,P,2018
pauld002,Paulino,David,R,R,TOR,P,2018
pears001,Pearce,Steve,R,R,TOR,OF,2018
petrj001,Petricka,Jake,R,R,TOR,P,2018
pillk001,Pillar,Kevin,R,R,TOR,OF,2018
pompd001,Pompey,Dalton,B,R,TOR,OF,2018
ramic001,Ramirez,Carlos,R,R,TOR,P,2018
reids001,Reid-Foley,Sean,R,R,TOR,P,2018
rowlc001,Rowley,Chris,R,R,TOR,P,2018
sanca006,Sanchez,Aaron,R,R,TOR,P,2018
santl001,Santos,Luis,R,R,TOR,P,2018
shafj001,Shafer,Justin,R,R,TOR,P,2018
smitd007,Smith,Dwight,L,R,TOR,OF,2018
smitm008,Smith,Murphy,R,R,TOR,P,2018
smoaj001,Smoak,Justin,B,L,TOR,1B,2018
solay001,Solarte,Yangervis,B,R,TOR,3B,2018
strom001,Stroman,Marcus,R,R,TOR,P,2018
sweed001,Sweeney,Darnell,B,R,TOR,OF,2018
tellr001,Tellez,Rowdy,L,L,TOR,1B,2018
teper001,Tepera,Ryan,R,R,TOR,P,2018
travd001,Travis,Devon,R,R,TOR,2B,2018
urenr001,Urena,Richard,B,R,TOR,SS,2018
urshg001,Urshela,Giovanny,R,R,TOR,3B,2018
adama002,Adams,Austin,R,R,WAS,P,2018
adamm002,Adams,Matt,L,R,WAS,1B,2018
bautr001,Bautista,Rafael,R,R,WAS,OF,2018
colea002,Cole,A.J.,R,R,WAS,P,2018
collt001,Collins,Tim,L,L,WAS,P,2018
cordj001,Cordero,Jimmy,R,R,WAS,P,2018
difow001,Difo,Wilmer,B,R,WAS,2B,2018
dools001,Doolittle,Sean,L,L,WAS,P,2018
eatoa002,Eaton,Adam,L,L,WAS,OF,2018
fedde001,Fedde,Erick,R,R,WAS,P,2018
glovk001,Glover,Koda,R,R,WAS,P,2018
gonzg003,Gonzalez,Gio,R,L,WAS,P,2018
goodb001,Goodwin,Brian,L,R,WAS,OF,2018
gottt001,Gott,Trevor,R,R,WAS,P,2018
gracm003,Grace,Matt,L,L,WAS,P,2018
harpb003,Harper,Bryce,L,R,WAS,OF,2018
hellj001,Hellickson,Jeremy,R,R,WAS,P,2018
herrk001,Herrera,Kelvin,R,R,WAS,P,2018
hollg001,Holland,Greg,R,R,WAS,P,2018
kells001,Kelley,Shawn,R,R,WAS,P,2018
kendh001,Kendrick,Howie,R,R,WAS,2B,2018
kiebs001,Kieboom,Spencer,R,R,WAS,C,2018
kintb001,Kintzler,Brandon,R,R,WAS,P,2018
madsr001,Madson,Ryan,L,R,WAS,P,2018
mcgok002,McGowin,Kyle,R,R,WAS,P,2018
millj006,Miller,Justin,R,R,WAS,P,2018
milot001,Milone,Tom,L,L,WAS,P,2018
montm001,Montero,Miguel,L,R,WAS,C,2018
murpd006,Murphy,Daniel,L,R,WAS,2B,2018
renda001,Rendon,Anthony,R,R,WAS,2B,2018
reynm001,Reynolds,Mark,R,R,WAS,1B,2018
reynm003,Reynolds,Matt,R,R,WAS,SS,2018
roart001,Roark,Tanner,R,R,WAS,P,2018
roblv001,Robles,Victor,R,R,WAS,OF,2018
rodrj005,Rodriguez,Jefry,R,R,WAS,P,2018
romee002,Romero,Enny,R,L,WAS,P,2018
rossj002,Ross,Joe,R,R,WAS,P,2018
sanca007,Sanchez,Adrian,R,R,WAS,2B,2018
schem001,Scherzer,Max,R,R,WAS,P,2018
sevep001,Severino,Pedro,R,R,WAS,C,2018
sierm001,Sierra,Moises,R,R,WAS,OF,2018
solis001,Solis,Sammy,R,L,WAS,P,2018
sotoj001,Soto,Juan,L,L,WAS,OF,2018
steva001,Stevenson,Andrew,L,L,WAS,OF,2018
stras001,Strasburg,Stephen,R,R,WAS,P,2018
suerw002,Suero,Wander,R,R,WAS,P,2018
taylm002,Taylor,Michael,R,R,WAS,OF,2018
torrc001,Torres,Carlos,R,R,WAS,P,2018
turnt001,Turner,Trea,R,R,WAS,SS,2018
votha001,Voth,Austin,R,R,WAS,P,2018
wietm001,Wieters,Matt,B,R,WAS,C,2018
willa003,Williams,Austen,R,R,WAS,P,2018
zimmr001,Zimmerman,Ryan,R,R,WAS,1B,2018
